store_id,store_name,region,date,transactions,revenue,avg_basket_value,discount_pct,footfall,stockout_flag
ST-10,MAGNOLIA SQUARE,South,07/03/2026,75,,47.71,38.71096522,374,no
ST-13,Highland Court,WEST,27/05/2026,60,4040.14,67.12,15.55684393,528,no
ST-16,Redwood Station,West,2026-05-24,74,"$7,132.47",105.29,5.214770493,576,Y
ST-14,Golden Valley,West,2026-04-20,49,"$9,117.12",167.74,4.864324242,725,yes
ST-04,Silverline Mall,North,04/03/2026,-52,"$2,733.73",2796.6,7.926849185,642,N
ST-12,Bayfront Commons,South,05/05/2026,48,5827.13,123.07,0.3279304085,768,N
ST-08,Palm Terrace,South,"May 20, 2026",70,"$6,733.38",86.73,25.27430694,792,0
ST-11,Willow Creek,South,"March 2, 2026",50,8701.5,184.43,38.45936978,534,Y
ST-18,ASHBROOK PLAZA,west,3-Mar-26,62,4037.4,61.66,11.45260115,966,N
ST-01,Riverside Plaza,North,05/05/2026,51,"$3,676.65",75.91,30.50360368,622,N
ST-18,Ashbrook Plaza,West,06/05/2026,70,"INR 2,213",33.37,34.06381574,681,0
ST-04,Silverline Mall,NORTH,14-May-26,58,5060.62,79.53,24.64348968,473,N
ST-05,Eastgate Center,North,05/02/2026,42,3759.46,98.04,0.2200469616,591,Y
ST-18,ASHBROOK PLAZA,WEST,2026-04-14,70,"$2,214.96",33.6,29.58100502,756,0
ST-17,Summit Corner,west,20260424,50,5645.34,106.08,3.413050137,940,Y
ST-15,Pinecrest Mall,West,2026-05-23,86,3492.18,43.34,3.585400077,522,Y
ST-04,Silverline Mall,North,"May 22, 2026",50,"INR 3,341",65.17,13.31299449,625,TRUE
ST-05,Eastgate Center,North,20260423,43,8393.06,179,12.99026575,530,0
ST-03,MAPLE JUNCTION,North,"April 27, 2026",87,"$3,248.87",34.31,2.92165099,547,no
ST-06,Cedar Crossing,North,"April 17, 2026",68,"INR 5,400",82.39,8.019766097,456,N
ST-02,Harbor Point,North,2026-04-04,59,"$5,365.36",89.55,37.20422077,589,no
ST-15,pinecrest mall,West,2026-05-02,75,1711.58,24.15,7.722877243,478,1
ST-14,Golden Valley,West,2026-04-23,63,"$8,892.93",147.19,23.74618088,278,Y
ST-09,Coral Bay Outlet,South,2026-04-14,77,13995.56,175.07,1.397771109,374,N
ST-13,Highland Court,WEST,04/03/2026,70,"$4,064.50",60.18,31.85310173,714,N
ST-04,Silverline Mall,North,04/16/2026,62,3109.67,46.17,32.87481852,459,yes
ST-04,silverline mall,North,2-Mar-26,53,"INR 2,200",40.78,7.508636898,636,no
ST-03,Maple Junction,NORTH,"May 11, 2026",57,10522.93,202.91,11.80240361,729,0
ST-15,Pinecrest Mall,WEST,19/05/2026,56,"INR 5,365",100.73,16.11830808,552,0
ST-02,Harbor Point,North,18-May-26,41,"INR 3,074",76.89,14.13158198,808,Y
ST-11,willow creek,South,19/03/2026,50,"$4,536.30",95.34,6.14558664,727,yes
ST-15,PINECREST MALL,WEST,"April 24, 2026",67,"$3,878.63",61.37,7.51098163,662,N
ST-18,ashbrook plaza,West,23-Apr-26,56,2602.01,42.09,32.72849538,757,N
ST-08,Palm Terrace,South,"April 20, 2026",60,8624.87,156.15,17.36386505,687,0
ST-01,Riverside Plaza,North,30/03/2026,64,3017.27,42.77,16.73600177,652,yes
ST-13,Highland Court,west,23-May-26,51,"$7,817.79",157.22,27.23866793,594,N
ST-02,Harbor Point,NORTH,2026-05-23,51,,76.17,6.474774425,726,N
ST-17,Summit Corner,WEST,2026-03-14,45,,203.46,11.4314923,712,no
ST-01,riverside plaza,NORTH,03/31/2026,75,5656.61,78.99,35.45611547,483,N
ST-11,Willow Creek,South,17-Mar-26,94,"$5,820.11",65.3,0.02765023655,705,1
ST-07,SUNSET BOULEVARD,South,"April 18, 2026",36,3837.67,114.76,1.507587829,505,N
ST-12,Bayfront Commons,SOUTH,03/24/2026,52,"$5,648.15",117.49,na,573,0
ST-18,Ashbrook Plaza,West,"March 23, 2026",62,"INR 2,619",39.92,33.04850054,428,no
ST-04,Silverline Mall,North,"March 20, 2026",84,2739.81,32.37,32.59101394,766,0
ST-08,Palm Terrace,south,20260516,73,2767.15,41.57,3.785756492,563,Y
ST-08,Palm Terrace,south,7-Mar-26,54,2863.6,48.06,30.76813126,449,no
ST-11,WILLOW CREEK,South,20260518,71,14158.45,183.9,38.09965516,586,N
ST-17,SUMMIT CORNER,West,26-Mar-26,50,4993.88,103.8,6.3691129,933,N
ST-13,Highland Court,West,"April 28, 2026",47,4733.31,98.99,29.51359284,481,N
ST-17,Summit Corner,west,21/03/2026,41,3065.13,71.09,33.89054482,446,0
ST-08,PALM TERRACE,SOUTH,15/05/2026,70,4570.67,65.34,4.729669216,719,0
ST-11,Willow Creek,South,16/03/2026,40,"$5,189.33",126.38,24.98208922,540,no
ST-03,Maple Junction,North,"May 21, 2026",81,7516.22,93,32.46386978,472,yes
ST-10,Magnolia Square,South,"April 4, 2026",57,4808.37,87.76,9.995167182,347,1
ST-17,Summit Corner,west,2026-03-07,66,6632.67,96.13,32.0898601,469,0
ST-09,Coral Bay Outlet,South,"May 27, 2026",55,14698.87,276.69,3.003047821,902,N
ST-01,Riverside Plaza,North,24-Mar-26,63,,99.74,4.739143089,840,0
ST-12,Bayfront Commons,South,"March 11, 2026",59,7706.25,124.84,1.032194423,836,0
ST-01,Riverside Plaza,North,"April 2, 2026",66,6798.7,105.91,0.429105799,496,no
ST-01,Riverside Plaza,north,20260510,56,3844.06,63.05,15.77926072,586,yes
ST-02,Harbor Point,North,15-Apr-26,60,2725.74,44.41,13.81533573,690,FALSE
ST-18,Ashbrook Plaza,West,20260526,64,2742.06,39.59,26.7865392,660,N
ST-14,Golden Valley,West,2026-05-07,56,"INR 8,140",144.32,20.6445474,606,yes
ST-15,Pinecrest Mall,West,03/02/2026,64,2595.1,44.42,23.22216199,392,yes
ST-12,Bayfront Commons,South,05/02/2026,59,5173.03,81.42,14.51708671,482,0
ST-02,Harbor Point,NORTH,20260310,80,5491.41,65.43,10.96537575,679,N
ST-12,Bayfront Commons,South,2026-04-13,78,13706.2,171.06,39.83113273,744,0
ST-05,Eastgate Center,North,20260324,68,2620.54,38.32,13.92784873,355,N
ST-15,Pinecrest Mall,West,20260510,49,2284.72,43.11,33.30400151,743,N
ST-05,Eastgate Center,North,15-Apr-26,56,3298.25,62.5,21.70752178,448,Y
ST-06,Cedar Crossing,north,20260524,36,6702.05,182.58,na,563,Y
ST-09,Coral Bay Outlet,South,"March 26, 2026",81,"INR 4,601",53.79,na,709,N
ST-15,Pinecrest Mall,West,20260409,72,"$2,708.34",38.72,34.97082959,615,yes
ST-01,Riverside Plaza,North,"April 29, 2026",54,6629.63,111.72,13.69614707,661,N
ST-03,Maple Junction,North,03/24/2026,69,"$5,661.22",88.86,18.19700909,677,0
ST-01,Riverside Plaza,North,20260509,42,"INR 6,025",133.52,na,487,yes
ST-10,Magnolia Square,South,3-Apr-26,84,7463.25,80.66,33.30727464,615,no
ST-18,Ashbrook Plaza,west,13-Apr-26,76,2895.63,40.36,11.00589442,428,TRUE
ST-17,Summit Corner,West,09/03/2026,67,"$7,592.87",110.11,27.36849341,902,Y
ST-05,Eastgate Center,North,"May 6, 2026",58,3810.92,62.13,39.73862761,474,yes
ST-15,Pinecrest Mall,West,22-Apr-26,48,4439.86,98.12,33.52232175,661,1
ST-10,magnolia square,south,2026-04-24,61,6679.83,115,22.9240069,536,FALSE
ST-03,Maple Junction,North,03/05/2026,63,7608.29,117.72,17.84126877,722,Y
ST-17,Summit Corner,west,24/03/2026,73,7775.82,98.82,21.87019708,655,0
ST-07,Sunset Boulevard,South,"March 5, 2026",57,"INR 9,570",180.9,18.49735651,332,Y
ST-05,Eastgate Center,North,2026-04-18,57,4610.53,84.49,15.22651711,612,1
ST-11,Willow Creek,South,8-May-26,65,3466.81,53.18,2.964522653,463,yes
ST-03,Maple Junction,North,07/05/2026,55,7247.56,142.51,3.819336478,583,N
ST-14,Golden Valley,West,03/01/2026,36,"INR 6,184",157.91,32.00284029,912,TRUE
ST-04,Silverline Mall,North,06/03/2026,76,"INR 5,580",68.47,14.56778838,867,N
ST-14,Golden Valley,west,03/04/2026,-53,5952.86,6355.88,36.21174339,443,N
ST-05,Eastgate Center,North,9-May-26,62,9013.73,140.07,18.35376746,569,N
ST-07,Sunset Boulevard,South,7-May-26,61,6061.81,100.51,7.000679016,446,N
ST-06,Cedar Crossing,North,20260304,44,"$3,427.91",82.13,15.31755942,547,Y
ST-17,Summit Corner,WEST,20260403,56,"INR 3,109",58.04,33.82116137,792,0
ST-05,EASTGATE CENTER,NORTH,"April 30, 2026",52,3723.32,75.7,28.20649709,652,N
ST-18,ashbrook plaza,West,05/28/2026,72,2143.4,31.9,24.98984372,731,0
ST-09,Coral Bay Outlet,South,20260422,56,"INR 6,002",100.9,14.83234407,559,N
ST-08,Palm Terrace,South,05/21/2026,78,3182.85,42.46,29.603653,614,N
ST-05,Eastgate Center,North,03/02/2026,81,3916.8,44.57,27.51307318,596,0
ST-15,Pinecrest Mall,West,27-May-26,38,"$2,741.92",65.94,23.90306631,491,N
ST-07,Sunset Boulevard,south,2-May-26,47,16688.9,345.82,5.600147559,555,N
ST-02,Harbor Point,North,20260512,59,8455.02,152.47,1.285975804,688,N
ST-14,Golden Valley,West,12/03/2026,76,"$6,155.70",87.89,8.620033977,811,N
ST-09,Coral Bay Outlet,South,27/04/2026,57,6102.68,103.85,9.692708757,549,no
ST-03,Maple Junction,North,"March 6, 2026",53,9248.93,161.03,26.37256784,514,N
ST-14,Golden Valley,WEST,"April 5, 2026",63,4579.06,71.45,25.50224826,365,no
ST-11,Willow Creek,South,20260523,57,"INR 3,935",64.9,24.39644149,574,N
ST-18,Ashbrook Plaza,west,20260416,61,3296.04,58.7,37.6320496,191,0
ST-16,Redwood Station,WEST,07/04/2026,30,3951.33,125.94,38.68396691,711,N
ST-05,Eastgate Center,NORTH,8-Apr-26,62,,69.54,5.015389563,647,no
ST-05,Eastgate Center,North,03/22/2026,58,6708.92,123.69,23.16175815,484,1
ST-03,MAPLE JUNCTION,North,20260429,53,6673.11,126.46,7.879193013,608,N
ST-13,Highland Court,West,24-Mar-26,40,6411.49,155.49,0.2632548928,539,N
ST-01,Riverside Plaza,north,04/19/2026,73,,87.05,10.92748766,658,no
ST-13,Highland Court,West,"April 22, 2026",46,6660.12,135.53,14.13673471,474,N
ST-07,Sunset Boulevard,South,03/04/2026,57,11246.34,193.04,28.44441505,663,N
ST-06,Cedar Crossing,North,19-May-26,66,5278.76,81.84,26.37057228,784,N
ST-15,Pinecrest Mall,West,"April 5, 2026",84,3949.35,48.81,31.40565437,609,yes
ST-05,Eastgate Center,North,20260323,30,5929.26,212.69,18.0713521,401,N
ST-12,bayfront commons,South,04/15/2026,69,"$13,496.74",188.82,38.81226389,557,N
ST-06,Cedar Crossing,NORTH,04/06/2026,70,"$6,308.85",98.86,250,828,FALSE
ST-14,Golden Valley,WEST,04/28/2026,74,4055.88,59.8,1.228672841,664,N
ST-04,Silverline Mall,North,2-May-26,80,"INR 3,472",39.93,21.48748617,412,N
ST-03,Maple Junction,NORTH,20260504,29,"$8,713.82",320.2,33.9862881,479,FALSE
ST-15,PINECREST MALL,West,21-Apr-26,64,"INR 4,143",70.96,22.86706612,740,N
ST-05,Eastgate Center,north,15/03/2026,89,4873.12,53.61,11.59626513,674,N
ST-07,Sunset Boulevard,South,"May 20, 2026",35,"INR 3,807",117.28,35.66868256,602,no
ST-11,Willow Creek,SOUTH,04/08/2026,69,3545.98,48.45,27.76967895,402,N
ST-14,golden valley,west,05/01/2026,54,4980.11,89.96,0.9052114417,679,N
ST-16,Redwood Station,west,20260502,42,4506.92,102.43,39.25642169,659,N
ST-17,Summit Corner,West,21/04/2026,73,4352.96,54.14,9.988218929,718,N
ST-09,Coral Bay Outlet,SOUTH,2026-05-05,85,7087.99,77.19,0.1802439024,376,FALSE
ST-01,Riverside Plaza,North,13-May-26,65,3312.7,46.54,0.04269860091,691,no
ST-02,HARBOR POINT,North,20-Mar-26,102,4501.98,43.89,19.96776902,631,0
ST-08,Palm Terrace,South,12/04/2026,58,9965.37,155.85,36.23453422,733,yes
ST-05,Eastgate Center,North,07/05/2026,51,"$9,365.37",193.52,27.04602103,386,Y
ST-03,Maple Junction,NORTH,19-May-26,30,"$14,250.38",439.45,22.1405674,645,yes
ST-16,Redwood Station,West,2026-04-06,39,5322.13,145.31,28.90793317,428,0
ST-08,Palm Terrace,South,20260314,43,2375.07,58.07,37.95450219,753,N
ST-08,Palm Terrace,SOUTH,20260503,54,2774.78,55.35,-15,555,N
ST-03,Maple Junction,North,30/04/2026,38,"INR 3,610",104.32,39.85060252,699,N
ST-01,Riverside Plaza,North,20260421,53,6227.55,110.44,34.35931442,320,no
ST-01,riverside plaza,North,05/16/2026,51,"$6,981.39",136.85,19.74688305,481,N
ST-06,Cedar Crossing,north,04/13/2026,54,3874.84,73.54,32.06699215,663,TRUE
ST-14,Golden Valley,west,20260324,28,"INR 3,646",121.23,27.08129813,1033,0
ST-15,Pinecrest Mall,WEST,03/03/2026,53,"$1,835.43",31.6,10.77205648,803,no
ST-08,Palm Terrace,South,11/05/2026,56,"$3,511.50",67.87,38.83442248,269,0
ST-16,Redwood Station,WEST,"March 27, 2026",59,7748.4,137.82,26.79550613,371,N
ST-07,SUNSET BOULEVARD,South,2026-05-29,59,21721.54,398.56,36.71866527,465,0
ST-02,Harbor Point,North,2026-04-03,58,"$13,008.95",226.4,na,433,no
ST-04,Silverline Mall,North,23/05/2026,56,3090.5,55.34,22.17799528,629,yes
ST-08,Palm Terrace,South,17-May-26,60,"$2,114.33",37.51,32.35364565,530,FALSE
ST-08,Palm Terrace,South,2026-04-04,68,4531.13,72.83,30.70563421,696,N
ST-05,Eastgate Center,North,"April 25, 2026",82,3078.4,34.72,37.05133284,737,1
ST-11,Willow Creek,South,07/04/2026,26,"$10,294.17",397.92,250,602,FALSE
ST-06,cedar crossing,North,04/05/2026,75,"$3,264.69",45.35,35.27810087,591,TRUE
ST-13,Highland Court,west,"May 29, 2026",66,7105.2,110.38,34.62862634,613,N
ST-11,WILLOW CREEK,South,10/03/2026,96,"$12,054.82",128.9,15.61615398,661,N
ST-18,ASHBROOK PLAZA,West,20260314,50,"$1,436.07",30.82,25.98910644,882,0
ST-13,Highland Court,west,30/04/2026,73,"INR 5,638",81.11,14.65630424,593,yes
ST-18,ashbrook plaza,West,19/04/2026,47,2176.53,43.68,16.9236637,488,Y
ST-01,Riverside Plaza,North,07/05/2026,81,5274.13,70.12,26.53813029,558,0
ST-05,EASTGATE CENTER,North,2026-05-13,53,"$4,289.48",85.72,38.23937077,509,N
ST-15,Pinecrest Mall,west,05/28/2026,74,4198.41,59.24,38.11236563,501,no
ST-02,Harbor Point,North,21-Apr-26,78,8827.29,120.76,3.557149722,185,1
ST-13,Highland Court,West,"March 8, 2026",55,,78.24,7.427052241,745,yes
ST-16,Redwood Station,west,20260508,62,4699.01,82.73,11.69929576,728,N
ST-10,Magnolia Square,South,20260405,45,2375.81,50.73,33.81143659,752,no
ST-06,Cedar Crossing,north,"April 15, 2026",82,6699.02,86.33,13.11855342,679,N
ST-13,highland court,West,20260326,66,"INR 5,309",79.63,250,660,N
ST-13,highland court,West,2026-03-06,51,3121.29,61.72,35.59031378,902,TRUE
ST-07,sunset boulevard,south,2026-03-12,55,11180.22,187.54,13.8232781,838,TRUE
ST-08,Palm Terrace,South,04/05/2026,47,6436.56,134.34,2.198415526,783,Y
ST-15,Pinecrest Mall,West,04/02/2026,40,"INR 3,974",101.46,19.90430433,718,0
ST-07,Sunset Boulevard,South,9-Mar-26,83,14963.88,197.24,12.56773824,706,yes
ST-13,Highland Court,West,22/03/2026,36,2805,77.32,17.98398737,211,N
ST-15,Pinecrest Mall,WEST,28/04/2026,76,2309.9,32.38,13.88515638,552,no
ST-06,CEDAR CROSSING,NORTH,08/05/2026,67,3615.67,55.72,16.75736662,694,N
ST-12,bayfront commons,SOUTH,1-Mar-26,51,4136.42,80.85,15.15495546,725,N
ST-16,Redwood Station,West,21/04/2026,80,12336.35,163.76,27.24547509,434,1
ST-05,Eastgate Center,North,2026-04-26,86,2794.1,33.16,26.66419069,678,0
ST-13,Highland Court,West,05/04/2026,62,5373.29,85.15,35.54240114,719,Y
ST-06,Cedar Crossing,north,15/03/2026,57,2939.25,50.89,31.17366604,663,1
ST-12,Bayfront Commons,South,23/05/2026,60,10690.02,182.49,9.442684848,839,N
ST-08,Palm Terrace,SOUTH,21/03/2026,81,3464.98,46.52,32.65159081,449,N
ST-14,Golden Valley,WEST,04/01/2026,59,8635.43,142.06,15.40041108,524,Y
ST-18,Ashbrook Plaza,West,2026-05-19,84,,26.14,32.17200863,792,no
ST-14,Golden Valley,west,04/29/2026,87,4740.82,59.02,23.34518187,617,N
ST-17,Summit Corner,West,6-Mar-26,54,5028.06,99.26,22.24833771,650,N
ST-09,CORAL BAY OUTLET,South,2026-04-04,50,3331.28,61.34,8.104883947,460,0
ST-12,BAYFRONT COMMONS,South,06/04/2026,48,4308.83,83.43,5.80896015,592,Y
ST-17,Summit Corner,West,19-May-26,47,"$3,991.49",86.69,24.49724075,502,N
ST-11,Willow Creek,SOUTH,22-May-26,58,9778.61,181.24,30.37919399,636,yes
ST-07,Sunset Boulevard,South,11-May-26,58,6613.42,105.76,-15,666,N
ST-06,Cedar Crossing,North,1-Apr-26,53,3019.63,52.35,34.55854786,393,N
ST-10,Magnolia Square,south,05/04/2026,57,6158.62,99.16,24.77666287,676,FALSE
ST-15,Pinecrest Mall,West,"April 8, 2026",83,2791.68,34.99,38.78361977,650,N
ST-04,Silverline Mall,North,05/21/2026,54,"$2,710.38",48.85,6.336548538,559,0
ST-09,Coral Bay Outlet,south,01/03/2026,55,"$5,939.45",106.76,3.313283719,592,N
ST-12,bayfront commons,South,03/17/2026,74,"INR 6,607",86.37,18.62154264,447,N
ST-09,Coral Bay Outlet,South,04/02/2026,79,5104.41,66.6,7.209097425,599,N
ST-13,Highland Court,West,"March 9, 2026",76,"$4,038.35",55.42,38.32204157,720,N
ST-13,Highland Court,West,2026-04-11,50,,75.14,0.3796596764,719,no
ST-18,Ashbrook Plaza,West,7-May-26,53,1413.74,25.94,15.87455099,832,FALSE
ST-02,Harbor Point,NORTH,"May 20, 2026",35,"$7,387.76",221.06,8.878161582,686,0
ST-13,Highland Court,West,20260327,70,4161.76,59.72,1.367520534,735,N
ST-17,Summit Corner,West,1-Apr-26,80,13412.55,182.64,15.80043891,805,N
ST-04,Silverline Mall,North,28-Mar-26,59,3106.09,49,14.55187929,393,Y
ST-01,Riverside Plaza,North,14-Apr-26,76,,53.65,8.280821661,597,N
ST-11,Willow Creek,South,05/16/2026,66,,47.41,250,327,1
ST-04,Silverline Mall,North,"March 1, 2026",89,4579.41,51.8,20.99688383,627,N
ST-04,Silverline Mall,North,31-Mar-26,52,2168.63,40.1,13.31221488,923,Y
ST-07,sunset boulevard,SOUTH,5-Apr-26,92,9160.94,95.1,26.97885741,730,N
ST-12,Bayfront Commons,SOUTH,04/21/2026,71,11434.49,150.55,22.45434875,606,N
ST-13,Highland Court,West,20260312,48,"$4,257.30",92.1,12.72665717,615,N
ST-18,Ashbrook Plaza,West,03/28/2026,72,"INR 3,829",49.04,11.53906457,640,1
ST-05,Eastgate Center,North,"April 21, 2026",80,"INR 3,215",42.16,19.75684425,560,N
ST-04,Silverline Mall,NORTH,"May 12, 2026",46,4668.65,109.69,6.596616344,857,N
ST-12,Bayfront Commons,South,05/03/2026,48,9719.69,206.81,37.0869557,520,yes
ST-02,Harbor Point,north,26-Mar-26,62,6872.42,104.26,26.39944977,325,N
ST-11,Willow Creek,SOUTH,11-Apr-26,81,4594.66,57,5.358712416,711,N
ST-17,Summit Corner,West,6-Apr-26,58,7324.3,138.44,15.12431458,487,N
ST-03,Maple Junction,north,10/04/2026,42,"$8,462.76",187.73,16.68211534,650,no
ST-16,Redwood Station,West,20260409,49,8451.73,184.8,30.93909012,565,Y
ST-16,REDWOOD STATION,West,"May 23, 2026",64,3598.93,50.63,13.92978581,680,N
ST-15,PINECREST MALL,West,03/12/2026,42,"$4,877.03",109.06,6.79439458,742,N
ST-02,Harbor Point,NORTH,2026-05-25,68,3824.65,56.62,26.94054859,805,Y
ST-17,Summit Corner,West,2026-05-29,44,5894.77,134.34,2.922390853,321,no
ST-06,cedar crossing,north,20260517,56,9339.5,177.75,5.491753475,554,N
ST-06,Cedar Crossing,NORTH,25/05/2026,82,"$4,293.28",47.62,23.94042539,809,yes
ST-04,silverline mall,North,"May 1, 2026",88,4048.84,49.33,10.02036144,590,N
ST-01,Riverside Plaza,North,"May 18, 2026",86,8747.99,103,30.2215817,697,0
ST-06,Cedar Crossing,north,2026-04-14,53,2521.92,45.68,14.82486481,416,N
ST-18,Ashbrook Plaza,West,20260428,79,,48.44,23.22988596,658,N
ST-14,golden valley,West,"March 28, 2026",41,9336.27,240.65,9.604860511,625,N
ST-03,maple junction,North,"April 2, 2026",61,13195.16,216.57,17.29301183,746,Y
ST-16,Redwood Station,WEST,18/04/2026,46,3518.67,75.09,24.46772355,490,N
ST-10,Magnolia Square,South,"April 2, 2026",52,"$2,704.08",57.18,na,767,N
ST-09,Coral Bay Outlet,South,26-May-26,48,14560.43,286.45,0.9723782884,511,N
ST-03,Maple Junction,North,19-Mar-26,75,"$3,879.57",51.59,38.65187549,638,TRUE
ST-01,Riverside Plaza,NORTH,03/16/2026,76,3376.17,42.08,29.84057121,544,N
ST-08,Palm Terrace,SOUTH,25/03/2026,69,2420.48,36,27.45370446,583,N
ST-11,Willow Creek,South,26-May-26,56,"$6,701.61",123.08,35.6511888,647,N
ST-13,Highland Court,West,01/03/2026,62,,53.42,19.77068255,572,1
ST-14,Golden Valley,West,7-Mar-26,73,6667.62,96.9,30.91300818,573,N
ST-16,Redwood Station,WEST,11-Apr-26,53,3254.44,65.75,33.61176258,644,0
ST-11,Willow Creek,South,2026-04-09,96,5153.49,55.71,26.6623237,647,0
ST-15,PINECREST MALL,West,13-Apr-26,60,1955.48,30.14,29.65550035,640,0
ST-05,eastgate center,North,2026-03-08,18,1915.25,98.24,24.6504814,507,1
ST-14,Golden Valley,West,"May 29, 2026",59,,89.89,9.434374782,344,0
ST-10,Magnolia Square,south,01/03/2026,60,5821.53,97.7,8.160066663,410,N
ST-11,Willow Creek,South,20260504,57,4396.7,80.44,14.10151608,635,N
ST-17,Summit Corner,west,"April 26, 2026",79,"$3,979.18",46.77,32.51603099,621,no
ST-04,silverline mall,North,2026-03-05,43,3679.53,89.78,30.79000669,970,N
ST-03,Maple Junction,NORTH,20/03/2026,38,"INR 11,211",320.82,21.84216267,427,N
ST-14,Golden Valley,West,"May 14, 2026",62,"$3,761.63",66.03,25.53955297,748,Y
ST-10,Magnolia Square,South,20260503,62,4602.3,74.05,35.72163154,725,0
ST-05,Eastgate Center,North,20260312,44,3279.98,73.82,250,469,0
ST-18,Ashbrook Plaza,west,2026-05-03,55,,39.35,27.29875314,696,N
ST-15,Pinecrest Mall,West,03/20/2026,77,2787.66,35.26,19.93398364,420,N
ST-17,summit corner,West,13/04/2026,66,"INR 16,395",255.4,7.845547172,249,0
ST-18,Ashbrook Plaza,west,"May 4, 2026",52,"INR 2,492",44.86,39.80860938,605,Y
ST-01,riverside plaza,North,26-Apr-26,49,6942.74,149.06,30.89411951,566,N
ST-13,Highland Court,West,05/20/2026,65,4347.2,72.62,9.099040595,671,Y
ST-01,RIVERSIDE PLAZA,North,13-Apr-26,53,"$7,813.50",160.85,20.50928257,475,Y
ST-02,Harbor Point,North,03/11/2026,60,8649.73,154.21,9.106445872,475,yes
ST-12,Bayfront Commons,SOUTH,2026-03-20,55,5260.11,96.13,18.46787543,729,Y
ST-02,Harbor Point,North,2026-03-12,60,2631.7,40.51,9.533541174,573,yes
ST-08,PALM TERRACE,South,22/03/2026,40,"INR 4,238",101.57,9.163170751,514,yes
ST-02,Harbor Point,North,03/18/2026,39,"$3,633.45",88.44,33.68280607,513,yes
ST-13,highland court,west,10-Mar-26,69,5593.69,87.31,16.79497567,446,N
ST-10,Magnolia Square,South,"April 17, 2026",73,3796.11,51.44,na,476,Y
ST-07,Sunset Boulevard,South,29/04/2026,56,,112.21,12.34718439,586,1
ST-06,Cedar Crossing,North,05/03/2026,47,5661.06,117.21,38.70544293,701,0
ST-04,silverline mall,North,9-May-26,49,"INR 1,704",36.4,30.7492013,484,N
ST-07,Sunset Boulevard,South,14-May-26,71,3362.98,43.75,-15,558,Y
ST-10,Magnolia Square,South,4-Mar-26,55,2963.2,50.99,5.098418007,548,no
ST-11,Willow Creek,South,"April 12, 2026",-35,6997.08,7395.46,24.17925476,882,N
ST-02,Harbor Point,North,2026-04-08,60,3626.3,56.84,30.2659771,529,N
ST-13,Highland Court,WEST,2026-05-06,48,2972.71,58.19,0.5306166069,499,no
ST-05,eastgate center,North,2026-04-04,62,"INR 5,111",88.14,1.421196721,911,N
ST-09,Coral Bay Outlet,SOUTH,20260513,66,8917.05,138.59,7.369712402,897,N
ST-04,Silverline Mall,north,20-May-26,58,3454.68,63.5,2.502071451,523,yes
ST-15,Pinecrest Mall,west,03/17/2026,63,"$2,404.74",40.15,34.12886287,774,N
ST-06,Cedar Crossing,NORTH,12/05/2026,65,5239.87,73.63,13.98391648,684,yes
ST-04,silverline mall,north,2026-03-29,50,3011.44,63.14,9.516395467,489,N
ST-17,Summit Corner,west,20260520,86,4798.78,56.43,21.59493279,385,0
ST-05,Eastgate Center,North,05/05/2026,60,2223.61,36.37,6.821469045,594,no
ST-07,Sunset Boulevard,South,13-Mar-26,77,"$10,641.51",135.36,24.48769759,572,0
ST-10,Magnolia Square,South,23-May-26,56,7172.23,138.18,15.88113685,488,Y
ST-08,Palm Terrace,South,05/14/2026,51,"$2,169.97",39.99,10.74712287,829,N
ST-07,sunset boulevard,South,2026-03-22,56,"$6,020.16",100.44,37.64930227,677,yes
ST-08,Palm Terrace,South,"March 5, 2026",52,"INR 3,662",76.14,29.97721561,470,FALSE
ST-15,Pinecrest Mall,West,"May 26, 2026",65,5487.39,78.54,21.96181279,505,0
ST-09,Coral Bay Outlet,south,05/03/2026,51,"$9,366.06",175.45,17.98173464,326,TRUE
ST-15,Pinecrest Mall,West,2026-03-30,59,4554.24,77.28,0.6894587904,564,N
ST-04,Silverline Mall,North,24-Apr-26,58,7721.91,138.37,31.33653943,678,N
ST-03,Maple Junction,North,20260416,36,3814.45,101.26,37.11391607,896,N
ST-03,Maple Junction,north,21-Apr-26,49,5119.84,108.3,25.70901259,570,yes
ST-16,redwood station,WEST,22-Apr-26,74,"$5,202.26",75.4,29.78378618,689,0
ST-16,Redwood Station,West,8-Apr-26,81,14537.77,194.07,7.91830459,591,FALSE
ST-10,Magnolia Square,south,"March 3, 2026",68,4458.24,63.56,5.952908089,643,no
ST-02,Harbor Point,North,20260513,52,13800.45,284.53,na,457,1
ST-18,Ashbrook Plaza,west,20260410,39,3886.56,96.57,32.46860397,720,Y
ST-06,Cedar Crossing,North,2026-05-28,37,"INR 5,997",172.11,38.33998212,699,N
ST-03,Maple Junction,North,26/05/2026,-63,"$5,576.82",5703.52,9.137458869,617,N
ST-02,Harbor Point,North,"April 28, 2026",47,"$5,425.01",119.56,3.616323139,766,0
ST-13,Highland Court,West,"May 15, 2026",67,3599.21,55.84,5.80480528,755,N
ST-09,Coral Bay Outlet,south,25/03/2026,55,"INR 4,259",76.85,24.7804507,921,TRUE
ST-16,Redwood Station,west,20260513,45,3981.2,95.33,0.5207401261,617,yes
ST-15,Pinecrest Mall,West,22-Mar-26,93,"INR 2,773",28.52,13.25194631,585,no
ST-04,Silverline Mall,North,20260406,28,2652.92,86.25,37.32300966,433,N
ST-03,Maple Junction,North,20260313,49,4224.43,84.28,22.20040984,593,TRUE
ST-04,Silverline Mall,North,04/09/2026,66,3959.1,59.72,34.98022396,459,no
ST-07,Sunset Boulevard,South,03/27/2026,77,10689.16,140.63,34.53344696,506,1
ST-01,Riverside Plaza,north,05/03/2026,35,3736.16,99.03,11.34083066,692,yes
ST-10,MAGNOLIA SQUARE,south,04/21/2026,77,5194.87,69.17,11.12634529,720,N
ST-12,Bayfront Commons,SOUTH,9-Mar-26,63,10979.56,181.39,6.006816742,700,N
ST-17,Summit Corner,West,03/23/2026,73,"$3,022.78",38.5,16.94204934,336,FALSE
ST-10,Magnolia Square,SOUTH,22/05/2026,87,2817.84,35.26,20.84379261,606,TRUE
ST-06,Cedar Crossing,north,05/18/2026,58,7599.18,119.99,4.116118969,454,N
ST-12,Bayfront Commons,South,15/03/2026,90,5070.79,54.86,20.67085727,579,N
ST-10,Magnolia Square,South,20260517,99,3737.71,36.05,29.85133742,391,1
ST-10,Magnolia Square,South,2026-05-28,93,3285.32,33.55,32.70845784,589,N
ST-13,highland court,WEST,03/04/2026,42,"$4,392.13",94.68,na,757,0
ST-03,Maple Junction,North,08/04/2026,67,8794.22,140.06,26.73774283,560,N
ST-18,Ashbrook Plaza,west,15/05/2026,80,"$2,544.42",34.08,28.21698696,635,N
ST-04,Silverline Mall,North,"March 17, 2026",46,3698.23,87.22,21.79566615,732,1
ST-05,Eastgate Center,North,12/05/2026,76,2619.56,37.73,36.89332633,706,N
ST-15,Pinecrest Mall,West,20260417,75,4836.93,64.91,20.8156923,121,N
ST-11,Willow Creek,SOUTH,1-Mar-26,57,"$13,174.94",240.64,18.27649269,657,N
ST-07,Sunset Boulevard,South,04/14/2026,57,5259.73,93.19,15.3116626,404,Y
ST-14,Golden Valley,West,"March 4, 2026",57,3894.25,73.24,27.84696548,681,Y
ST-15,Pinecrest Mall,WEST,15/05/2026,67,2397.32,34.25,12.3478555,734,TRUE
ST-07,Sunset Boulevard,SOUTH,17-May-26,62,"$4,480.75",70.84,250,820,N
ST-15,pinecrest mall,West,2026-04-03,92,4220.52,42.2,15.2720921,704,N
ST-09,Coral Bay Outlet,SOUTH,20260303,63,5027.39,74.67,12.02625881,684,TRUE
ST-11,Willow Creek,South,2026-05-27,26,"$3,787.90",150.1,19.612323,401,Y
ST-07,SUNSET BOULEVARD,SOUTH,"May 13, 2026",59,"$6,498.61",114.26,3.555986364,280,0
ST-17,Summit Corner,West,09/05/2026,27,8650.76,344.53,26.10461494,611,Y
ST-14,Golden Valley,West,20260422,46,"$5,755.90",132.58,31.75620149,595,Y
ST-09,coral bay outlet,South,2026-03-08,53,3705.96,72.79,6.309458946,401,N
ST-08,Palm Terrace,south,"April 10, 2026",42,"$4,057.34",100.01,3.087585018,700,Y
ST-07,sunset boulevard,South,27/04/2026,78,8148.48,96.27,25.36015908,486,0
ST-13,Highland Court,West,04/10/2026,25,5896.67,219.26,14.60471294,586,N
ST-05,EASTGATE CENTER,NORTH,07/03/2026,58,4995.26,91.48,20.93867147,431,N
ST-16,Redwood Station,West,28/03/2026,60,7238.9,109.29,14.84871977,567,yes
ST-14,Golden Valley,west,2026-03-09,50,8468.94,182.65,32.16941086,584,N
ST-17,Summit Corner,West,03/22/2026,86,4253.62,47.59,34.16905404,404,0
ST-07,Sunset Boulevard,South,1-May-26,87,4141.59,49.6,33.61825388,560,FALSE
ST-11,Willow Creek,South,20260308,68,5416.18,84.62,1.969659733,516,0
ST-18,Ashbrook Plaza,West,6-Mar-26,73,"$1,396.32",17.39,5.807795068,300,Y
ST-04,Silverline Mall,North,"March 8, 2026",39,1764.54,43.63,34.28634382,840,N
ST-14,Golden Valley,West,"May 28, 2026",74,5410.49,72.84,12.91979885,893,Y
ST-15,PINECREST MALL,WEST,03/14/2026,48,3576.63,80.8,4.513979597,532,N
ST-10,Magnolia Square,South,03/10/2026,55,5668.36,96.87,26.19847555,745,TRUE
ST-03,Maple Junction,North,2026-04-26,72,6247.88,84.1,36.91773679,686,N
ST-08,PALM TERRACE,South,2-May-26,86,3034.46,37.9,9.327740292,569,N
ST-16,redwood station,West,"March 4, 2026",55,5450.19,104.9,32.28493904,745,N
ST-18,Ashbrook Plaza,West,07/04/2026,63,"INR 5,320",81.97,18.78863463,617,N
ST-17,Summit Corner,WEST,"April 17, 2026",54,12040.01,233.44,17.74604526,615,yes
ST-13,Highland Court,West,17-May-26,56,4300.62,83.86,30.3665947,665,TRUE
ST-03,Maple Junction,North,2026-03-29,69,4005.35,61.44,-15,663,yes
ST-06,Cedar Crossing,North,04/02/2026,65,3550.56,58.34,23.51613232,808,Y
ST-15,Pinecrest Mall,WEST,2026-03-11,65,2685.93,40.05,21.59490761,634,FALSE
ST-06,Cedar Crossing,North,30-Mar-26,62,"$4,137.09",63.48,4.192235995,784,yes
ST-01,Riverside Plaza,North,2026-04-28,56,"$5,797.18",112.9,6.543075108,741,N
ST-10,Magnolia Square,South,25/03/2026,57,4082.4,71.44,10.75401282,649,N
ST-16,Redwood Station,West,21/03/2026,51,5756.14,114.36,14.88584351,508,N
ST-06,Cedar Crossing,North,20260516,55,14222.33,260.53,na,513,N
ST-10,Magnolia Square,South,2026-04-07,27,4146.62,160.31,27.60997044,628,N
ST-15,Pinecrest Mall,West,20260325,55,5787.09,108.16,37.74147913,469,N
ST-05,EASTGATE CENTER,North,2026-03-04,76,"INR 3,851",54.43,6.067424685,724,N
ST-17,Summit Corner,West,"April 4, 2026",67,6225.18,86.37,33.90381,516,0
ST-04,Silverline Mall,North,24/05/2026,60,"$3,435.72",53.31,6.624687222,769,N
ST-16,redwood station,West,"April 24, 2026",55,3826.68,69.64,4.680835558,452,N
ST-15,Pinecrest Mall,West,18/04/2026,39,4776.6,121.44,20.21380611,733,N
ST-14,GOLDEN VALLEY,West,"May 9, 2026",62,3696.04,59.52,3.095258547,688,N
ST-11,Willow Creek,South,05/06/2026,72,3544.89,46.19,10.83282951,424,TRUE
ST-04,Silverline Mall,north,03/23/2026,55,2897.32,55.9,5.013040391,592,Y
ST-07,SUNSET BOULEVARD,SOUTH,03/31/2026,69,9660.11,133.67,6.290298357,515,0
ST-14,Golden Valley,West,16/05/2026,57,3818.61,64.63,24.87421207,697,no
ST-15,Pinecrest Mall,West,20260426,60,3598.71,64.84,28.90412894,856,TRUE
ST-10,Magnolia Square,South,20260308,52,4597.82,94.98,13.24343116,653,no
ST-18,Ashbrook Plaza,West,2026-05-16,54,"INR 5,475",99.63,10.85087757,508,Y
ST-03,Maple Junction,North,23-Apr-26,31,3289.92,98.06,-15,867,Y
ST-07,Sunset Boulevard,South,21-Mar-26,49,6507.75,144.34,26.09168179,364,0
ST-03,Maple Junction,North,17-Mar-26,37,"INR 7,165",201.26,2.871083722,476,yes
ST-09,CORAL BAY OUTLET,SOUTH,"April 24, 2026",47,5641.35,127.16,1.680401652,543,N
ST-06,cedar crossing,North,03/02/2026,59,5586.06,102.23,29.75104733,527,1
ST-16,Redwood Station,west,03/12/2026,54,"$4,591.94",92.22,22.25276108,581,0
ST-01,Riverside Plaza,North,21-May-26,18,"$3,483.61",185.19,12.15186474,377,0
ST-17,summit corner,West,2026-05-22,49,6940.78,149.51,38.9432724,916,N
ST-06,Cedar Crossing,North,03/22/2026,52,4970.34,101.13,5.863495641,476,Y
ST-16,REDWOOD STATION,West,10-May-26,73,5087.73,74.38,18.84753318,619,N
ST-05,Eastgate Center,North,2026-03-21,47,3817.17,84.62,6.270960326,504,1
ST-02,Harbor Point,north,20260322,53,"$6,110.34",121.28,9.227165013,744,FALSE
ST-16,Redwood Station,West,30/03/2026,52,4934.38,91.3,4.375350116,843,N
ST-15,PINECREST MALL,west,05/14/2026,73,"$2,567.36",31.76,21.40925905,470,no
ST-16,Redwood Station,West,"March 31, 2026",67,5171.09,71.57,36.54747769,509,Y
ST-18,ashbrook plaza,WEST,03/26/2026,102,"$3,870.38",39.98,4.34485549,439,no
ST-17,Summit Corner,West,"May 14, 2026",57,9557.71,161.31,23.11235804,440,yes
ST-10,Magnolia Square,South,01/04/2026,69,2702.61,37.56,0.9656304988,573,TRUE
ST-09,Coral Bay Outlet,South,"April 9, 2026",41,"$5,804.61",153.24,36.76904063,594,TRUE
ST-04,Silverline Mall,North,10-Apr-26,53,3045.19,54.89,26.33733705,787,Y
ST-13,Highland Court,WEST,20260502,45,"$3,130.49",64.8,30.76656223,592,1
ST-12,Bayfront Commons,South,20260525,68,"INR 4,287",64.8,9.16224539,808,0
ST-06,Cedar Crossing,North,"May 4, 2026",48,3498.41,79.43,na,366,FALSE
ST-07,Sunset Boulevard,South,21-May-26,47,8440.86,192.85,24.20030128,620,Y
ST-16,Redwood Station,West,20260512,52,"$4,632.53",92.12,30.55983926,493,no
ST-07,Sunset Boulevard,south,20260315,62,7800.35,120.62,19.96112567,192,Y
ST-14,Golden Valley,West,"March 31, 2026",56,5667.44,108.75,33.25328151,395,0
ST-05,Eastgate Center,North,20260518,51,6503.23,124.77,26.27018451,754,N
ST-06,Cedar Crossing,North,20260313,65,7486.67,125.86,36.45948821,826,no
ST-18,Ashbrook Plaza,WEST,"May 24, 2026",46,3727.59,88.45,7.931418703,526,N
ST-13,Highland Court,West,"March 29, 2026",69,"INR 2,726",41.45,16.97510007,912,N
ST-09,CORAL BAY OUTLET,South,20260302,40,"$3,412.46",85.62,13.28974229,768,N
ST-08,Palm Terrace,SOUTH,05/25/2026,75,5835.33,72.7,8.666868572,591,1
ST-06,Cedar Crossing,North,2026-03-01,50,10600.49,212.92,19.20569875,607,TRUE
ST-18,ashbrook plaza,West,20260331,29,"$4,187.92",143.78,22.08045038,379,0
ST-07,Sunset Boulevard,South,"April 13, 2026",66,,254.64,16.24118243,660,N
ST-15,Pinecrest Mall,West,20260524,69,2547.86,39.38,27.37527718,695,yes
ST-09,CORAL BAY OUTLET,South,"March 11, 2026",58,6342.84,105.92,15.65292921,477,no
ST-11,Willow Creek,South,2026-04-16,-41,,10155.41,24.17541549,232,0
ST-09,Coral Bay Outlet,south,"May 29, 2026",68,10127.59,143.9,12.05576043,720,N
ST-09,Coral Bay Outlet,South,12-May-26,60,6095.88,101.81,9.932643906,714,TRUE
ST-10,magnolia square,South,20260516,49,3132.23,57.97,13.34661565,916,N
ST-04,silverline mall,NORTH,27-Apr-26,48,5813.82,119.74,26.32129242,452,N
ST-03,Maple Junction,NORTH,"May 14, 2026",50,"$4,036.06",72.88,13.37851569,752,N
ST-04,Silverline Mall,North,22/04/2026,73,5640.43,79.83,8.151238838,655,TRUE
ST-14,golden valley,west,2026-03-10,92,4228.77,49.34,4.460490235,565,N
ST-12,Bayfront Commons,South,03/18/2026,59,"INR 12,900",203.67,32.35235917,603,no
ST-18,Ashbrook Plaza,WEST,20260415,52,6523.88,137.99,7.779264748,588,0
ST-17,Summit Corner,West,04/27/2026,80,10575.77,143.34,7.42034892,772,TRUE
ST-15,Pinecrest Mall,West,20260306,65,1797.9,29.26,29.60431926,426,yes
ST-07,Sunset Boulevard,South,2026-04-26,72,"$11,911.44",178.59,21.75561882,742,TRUE
ST-14,golden valley,West,2026-04-12,60,"INR 3,886",69.36,13.38044333,849,N
ST-15,PINECREST MALL,West,19-Mar-26,59,"$1,894.89",31.54,2.729006488,708,Y
ST-11,Willow Creek,south,2026-03-04,69,8321.59,111.02,12.08273864,650,FALSE
ST-01,RIVERSIDE PLAZA,north,05/26/2026,46,"$10,665.19",218.21,39.02944098,388,N
ST-14,Golden Valley,West,2026-03-18,60,"INR 5,981",105.99,na,275,N
ST-18,Ashbrook Plaza,west,11-Mar-26,63,2821.34,43.37,-15,505,N
ST-05,Eastgate Center,north,06/03/2026,84,4959.21,62.68,35.47223757,563,N
ST-03,Maple Junction,North,25/05/2026,85,"$4,715.38",60.13,15.02423889,650,yes
ST-04,Silverline Mall,North,03/18/2026,56,"INR 5,529",96.7,-15,506,N
ST-18,Ashbrook Plaza,West,"May 20, 2026",54,2368.67,43.32,38.62292854,611,yes
ST-04,Silverline Mall,North,28/05/2026,56,2609.49,49.73,27.70966001,455,N
ST-01,Riverside Plaza,North,"April 24, 2026",61,"$7,960.20",129.67,10.37759359,609,N
ST-14,Golden Valley,West,03/19/2026,87,"$8,247.32",92.62,9.490979569,530,yes
ST-14,Golden Valley,West,19/04/2026,74,"INR 9,428",136.65,21.03931528,590,yes
ST-11,Willow Creek,South,"April 1, 2026",51,6662.31,119.09,35.238957,420,N
ST-07,Sunset Boulevard,South,20260515,54,11969.07,208.6,-15,499,Y
ST-16,Redwood Station,West,"May 19, 2026",67,6316.02,86.04,10.51900715,699,N
ST-06,Cedar Crossing,North,2026-03-29,56,"$6,305.11",105.11,14.50825437,598,TRUE
ST-18,ASHBROOK PLAZA,WEST,20260321,76,2727.75,35.05,31.74590604,524,1
ST-03,maple junction,North,20260411,59,13815.29,226.94,31.62694367,667,Y
ST-02,Harbor Point,North,"March 24, 2026",43,6579.93,150.22,29.96696629,731,no
ST-10,Magnolia Square,South,27-Apr-26,65,3398.53,49.99,35.92241072,710,0
ST-08,Palm Terrace,South,20260417,82,5974.02,76.35,5.48713342,572,no
ST-02,Harbor Point,North,24/05/2026,58,12016.48,190.13,38.9800357,583,TRUE
ST-06,Cedar Crossing,North,"May 20, 2026",47,4532.93,89.27,8.499824209,723,TRUE
ST-07,SUNSET BOULEVARD,south,05/18/2026,66,5075.04,74.06,27.66333649,598,TRUE
ST-06,Cedar Crossing,NORTH,03/04/2026,70,8464.56,120.61,15.48063519,403,N
ST-15,pinecrest mall,West,2026-03-10,36,3502.42,99.92,35.62403258,437,N
ST-01,Riverside Plaza,North,19-Mar-26,63,4931.3,78.5,34.30288576,644,N
ST-05,eastgate center,North,2026-05-03,78,"INR 3,363",44.09,250,448,N
ST-17,Summit Corner,West,05/10/2026,56,"INR 3,606",67.26,21.18011825,469,N
ST-04,Silverline Mall,North,03/16/2026,17,"INR 11,332",617.43,25.53359855,519,Y
ST-05,Eastgate Center,North,05/08/2026,56,4283.5,71.1,38.31679331,517,no
ST-12,Bayfront Commons,south,2026-04-02,63,6897.28,119.75,35.68907347,685,yes
ST-06,Cedar Crossing,north,"April 26, 2026",40,4814.32,128.41,37.29656255,611,0
ST-15,Pinecrest Mall,WEST,20260331,56,2878.55,56.06,39.52028931,785,0
ST-01,Riverside Plaza,North,"April 1, 2026",65,"INR 6,951",112.13,0.5873137424,734,0
ST-08,Palm Terrace,SOUTH,8-Mar-26,54,6116.43,114.83,20.58039926,681,yes
ST-03,Maple Junction,North,31-Mar-26,54,6913.83,115.29,34.23850035,434,yes
ST-05,Eastgate Center,North,2026-05-19,45,6084.72,125.6,25.84716674,691,0
ST-07,SUNSET BOULEVARD,South,"May 19, 2026",67,9324.96,144.65,34.07073262,614,yes
ST-08,palm terrace,south,2026-04-14,86,,48.46,14.14625647,380,0
ST-03,Maple Junction,North,04/04/2026,36,9081.67,273.75,24.90765377,525,N
ST-07,Sunset Boulevard,south,04/19/2026,47,9415.42,206.64,27.73335472,537,N
ST-13,Highland Court,West,"May 5, 2026",54,"$4,739.75",90.78,23.49710408,929,N
ST-11,Willow Creek,SOUTH,04/19/2026,68,4399.62,64.84,-15,780,N
ST-09,Coral Bay Outlet,South,20260430,71,"$5,167.85",69.33,33.74280823,556,TRUE
ST-04,SILVERLINE MALL,North,"April 26, 2026",73,4175.45,59.8,18.74180118,964,N
ST-13,HIGHLAND COURT,West,2026-04-24,88,6747.74,75.66,35.09620351,449,yes
ST-15,Pinecrest Mall,WEST,11/05/2026,67,5408.41,87.64,4.487938152,893,N
ST-03,Maple Junction,North,03/09/2026,45,5432.84,118.96,36.04421253,629,no
ST-10,Magnolia Square,south,20-Mar-26,68,5177.09,73.87,38.04705942,602,N
ST-15,PINECREST MALL,West,"March 13, 2026",73,4652.8,57.52,10.75531435,797,yes
ST-04,Silverline Mall,North,11/05/2026,70,"$2,626.31",39.37,16.74123108,492,0
ST-07,sunset boulevard,South,06/04/2026,43,6307.32,136.13,2.293496137,838,no
ST-02,Harbor Point,North,"April 27, 2026",30,2716.53,91.85,1.962961909,533,yes
ST-12,Bayfront Commons,SOUTH,27-Apr-26,47,"$12,916.29",255.59,1.879686909,793,1
ST-05,Eastgate Center,North,"March 1, 2026",43,4130.13,105.57,38.75967466,512,0
ST-01,RIVERSIDE PLAZA,North,2026-05-23,66,"INR 4,873",67.04,28.23188015,684,no
ST-09,Coral Bay Outlet,South,02/05/2026,53,"$6,238.09",107.77,29.98028552,543,Y
ST-13,Highland Court,West,03/11/2026,52,4417.39,82.92,8.325449448,824,no
ST-01,RIVERSIDE PLAZA,NORTH,20260418,61,3734.43,58.98,35.60077828,435,N
ST-06,Cedar Crossing,North,"March 19, 2026",33,3967.36,113.02,34.94558986,536,1
ST-14,Golden Valley,West,04/04/2026,48,5389.05,115.64,22.98426536,492,N
ST-02,Harbor Point,North,"May 5, 2026",68,"$4,637.97",72.79,-15,544,N
ST-12,Bayfront Commons,South,"April 23, 2026",66,6910.13,102.29,38.7130086,346,N
ST-14,Golden Valley,West,2026-04-30,68,"INR 7,227",106.46,31.13570527,491,no
ST-06,Cedar Crossing,North,04/10/2026,71,"$6,252.54",92.82,12.93853698,791,0
ST-11,Willow Creek,South,2026-04-13,55,"INR 4,443",75.63,31.97232718,781,no
ST-13,highland court,West,2026-04-27,40,5896.84,147.42,13.55979092,720,yes
ST-18,Ashbrook Plaza,West,2026-04-30,83,2831.8,36,30.55009983,598,0
ST-15,Pinecrest Mall,West,8-May-26,58,4578.14,82.79,37.30348703,234,TRUE
ST-18,Ashbrook Plaza,West,20260517,63,"$2,121.01",35.31,6.143159121,629,N
ST-06,CEDAR CROSSING,North,20260420,59,"$8,313.09",139.89,30.09394093,236,FALSE
ST-07,Sunset Boulevard,south,2026-04-28,68,9005.43,136.79,1.342607082,520,N
ST-02,harbor point,North,29-May-26,42,4189.76,102.02,11.12868607,447,Y
ST-14,Golden Valley,West,11/04/2026,68,7566.92,115.34,22.6442795,610,TRUE
ST-06,Cedar Crossing,North,22-May-26,43,3905.53,83.23,25.9246722,502,N
ST-12,Bayfront Commons,SOUTH,03/05/2026,60,"$9,704.68",159.99,31.75693993,272,N
ST-04,SILVERLINE MALL,North,16-May-26,80,4099.5,52.68,31.51010875,496,FALSE
ST-13,Highland Court,West,14/04/2026,54,"$10,122.47",182.26,20.02956977,640,TRUE
ST-18,Ashbrook Plaza,West,1-May-26,47,"INR 2,098",48.54,16.08260507,310,Y
ST-14,Golden Valley,WEST,03/05/2026,67,4868.18,77.07,11.98095161,555,no
ST-09,coral bay outlet,South,2026-04-15,69,"$6,374.34",93.12,21.44248432,590,no
ST-17,SUMMIT CORNER,west,"March 18, 2026",26,4634.02,187.79,9.392418023,651,no
ST-03,Maple Junction,north,3-May-26,55,"$6,476.59",114.9,32.86220931,490,N
ST-14,Golden Valley,West,03/27/2026,57,4849.95,79.98,28.69372882,451,1
ST-04,Silverline Mall,NORTH,12/04/2026,60,3269.46,49.08,26.95564618,555,no
ST-05,Eastgate Center,North,20260515,53,4914.94,89.38,7.674388949,735,N
ST-18,Ashbrook Plaza,West,10/03/2026,63,1545.93,25.87,5.306845241,853,Y
ST-16,REDWOOD STATION,west,2026-05-29,80,"INR 4,495",55.83,17.21976098,615,N
ST-04,SILVERLINE MALL,North,08/04/2026,36,2966.86,84.09,30.6680635,561,N
ST-05,Eastgate Center,North,10/05/2026,24,3698.66,162.29,3.795247147,631,yes
ST-05,Eastgate Center,North,11-Mar-26,52,"$5,628.62",107.05,7.572254368,392,0
ST-11,Willow Creek,SOUTH,10/04/2026,47,"$4,976.23",108.22,30.01261174,634,no
ST-03,Maple Junction,North,2026-03-02,60,5713.69,91.01,28.35778076,555,yes
ST-08,Palm Terrace,South,03/02/2026,59,"$4,402.70",75.72,30.69385083,751,N
ST-07,Sunset Boulevard,SOUTH,"March 16, 2026",81,"$7,293.34",94.43,39.25581544,219,N
ST-09,CORAL BAY OUTLET,SOUTH,2026-05-23,53,"INR 4,945",92.4,18.25199402,424,Y
ST-17,Summit Corner,west,2026-04-22,65,"INR 5,072",72.57,15.09964316,417,N
ST-04,Silverline Mall,North,27/03/2026,77,"$4,304.39",60.6,16.31698378,597,N
ST-07,Sunset Boulevard,south,10-May-26,81,5210.23,61.78,0.4406671998,593,N
ST-06,Cedar Crossing,North,12/03/2026,71,5731.29,88.66,26.16279476,513,N
ST-15,Pinecrest Mall,West,20260326,64,4679.25,73.28,19.91782882,722,no
ST-10,Magnolia Square,South,2026-03-02,76,11228.01,152.19,29.15366815,699,N
ST-05,EASTGATE CENTER,North,03/18/2026,86,4474.34,51.84,9.813134649,494,N
ST-11,Willow Creek,South,2026-03-26,87,"$5,423.32",66.18,22.68256982,417,TRUE
ST-02,Harbor Point,North,06/04/2026,69,5448.36,78.88,4.957522178,687,TRUE
ST-10,Magnolia Square,South,6-Apr-26,52,"$5,344.68",109.6,15.86972946,446,N
ST-07,SUNSET BOULEVARD,South,28-Mar-26,32,"INR 4,501",153.64,34.40805451,553,FALSE
ST-04,Silverline Mall,NORTH,25/05/2026,48,4474.17,101.91,23.54055106,648,N
ST-15,Pinecrest Mall,West,2026-04-27,25,"$4,065.64",170.91,12.1962654,292,yes
ST-03,Maple Junction,North,20260330,48,7295.59,149.93,33.06859678,493,yes
ST-02,HARBOR POINT,north,20260420,14,11161.43,810.07,15.06941113,654,no
ST-13,Highland Court,West,20260525,61,"INR 4,077",68.87,20.84368661,551,yes
ST-13,Highland Court,West,03/05/2026,83,6360.28,84.11,14.41558162,666,N
ST-09,Coral Bay Outlet,South,2026-04-05,51,"INR 6,570",140.5,11.626244,698,0
ST-16,Redwood Station,West,20260526,55,,86.86,35.58291067,656,N
ST-09,CORAL BAY OUTLET,South,2026-05-18,42,6272.79,163.19,9.153734446,568,N
ST-12,Bayfront Commons,South,20260304,78,"$11,914.65",152.84,15.019375,535,N
ST-12,Bayfront Commons,SOUTH,04/14/2026,43,12951.11,280.09,27.63740138,357,N
ST-07,Sunset Boulevard,SOUTH,2026-04-15,61,"INR 8,601",138.29,-15,325,N
ST-10,Magnolia Square,South,03/27/2026,45,"$3,646.09",88.98,35.99580189,588,no
ST-01,Riverside Plaza,North,2026-03-11,47,3992.54,85.2,10.23860362,416,FALSE
ST-10,Magnolia Square,South,29/03/2026,51,3082,60.52,17.19109598,539,N
ST-04,Silverline Mall,North,13-Mar-26,66,2283.14,37.06,29.1437457,714,N
ST-04,Silverline Mall,North,22/03/2026,46,7320.16,145.57,0.430148704,546,N
ST-15,PINECREST MALL,West,04/30/2026,57,3671.07,64.35,21.3213808,578,no
ST-07,Sunset Boulevard,South,12-Apr-26,70,5052.99,75.93,10.55888862,796,FALSE
ST-02,Harbor Point,NORTH,20260409,61,7161.37,129,30.80362873,558,yes
ST-04,Silverline Mall,North,"April 23, 2026",56,"INR 4,183",81.44,17.11403869,621,FALSE
ST-13,Highland Court,West,20260509,49,4709.93,100.61,2.914240405,739,N
ST-07,Sunset Boulevard,SOUTH,26-May-26,72,5723.63,81.65,24.05971854,753,0
ST-08,Palm Terrace,SOUTH,"March 31, 2026",59,4899.92,90.86,37.90696588,769,N
ST-15,pinecrest mall,West,2026-05-22,80,2997.92,40.52,21.03645486,601,Y
ST-07,Sunset Boulevard,South,2026-04-21,43,,90.88,15.26235096,494,Y
ST-15,Pinecrest Mall,WEST,20260412,36,3360.73,90.33,31.06107846,693,N
ST-11,willow creek,South,20260306,78,3863.54,52.96,0.3488381689,532,N
ST-02,harbor point,North,05/08/2026,63,3092.43,44.99,19.86259589,477,N
ST-08,palm terrace,South,08/04/2026,75,6721.42,96.2,23.57246799,523,no
ST-06,Cedar Crossing,North,06/05/2026,55,"$4,021.11",79.6,32.10030117,529,N
ST-15,Pinecrest Mall,West,05/03/2026,76,"$3,160.63",42.66,9.168534423,574,N
ST-03,Maple Junction,NORTH,2026-03-16,65,"$4,325.88",67.3,13.82147967,335,0
ST-15,Pinecrest Mall,West,"May 20, 2026",87,2750.7,29.06,13.22760485,839,0
ST-07,Sunset Boulevard,South,20/04/2026,41,3644.76,80.81,7.663449399,743,N
ST-05,Eastgate Center,North,2026-04-20,71,4749.39,64.73,4.232830108,455,N
ST-02,Harbor Point,north,03/07/2026,50,7097.09,153.67,5.602216188,504,FALSE
ST-08,Palm Terrace,SOUTH,20260418,64,4795.29,74.54,2.020174608,564,0
ST-17,Summit Corner,West,20260414,44,2957.49,71.8,15.98650611,468,N
ST-02,Harbor Point,north,6-May-26,62,"INR 7,774",123.06,37.70018477,718,yes
ST-05,Eastgate Center,North,"April 29, 2026",54,1858.7,32.19,23.05556561,609,0
ST-09,Coral Bay Outlet,south,03/22/2026,42,7714.3,181.79,26.73921591,668,N
ST-06,CEDAR CROSSING,north,"March 28, 2026",55,3646.82,62.24,-15,684,N
ST-11,Willow Creek,South,27/03/2026,66,12651.57,206.98,33.22329013,766,0
ST-09,Coral Bay Outlet,South,20260406,51,"$14,917.47",285.29,25.14244684,556,N
ST-12,Bayfront Commons,South,20260508,52,4265.69,77.92,19.97083317,401,0
ST-05,eastgate center,NORTH,"May 27, 2026",76,4396.57,54.22,39.70607178,454,0
ST-13,HIGHLAND COURT,West,18/04/2026,41,"$2,559.48",67.39,4.417020437,595,N
ST-02,harbor point,North,28/05/2026,66,3730.33,57.56,10.28601896,389,N
ST-05,Eastgate Center,North,2026-03-31,33,4875.53,145.49,9.872515625,462,yes
ST-07,Sunset Boulevard,south,20260408,62,8229.94,132.56,19.38917019,641,1
ST-16,Redwood Station,West,"April 15, 2026",62,,81.86,16.42818465,371,0
ST-09,Coral Bay Outlet,South,03/24/2026,57,9848.74,158.72,20.60942726,641,N
ST-15,pinecrest mall,west,20260521,68,"$3,434.72",53.29,26.55148488,697,N
ST-11,Willow Creek,South,2026-05-28,40,4711.58,117.57,11.97653703,734,N
ST-12,BAYFRONT COMMONS,SOUTH,12-Mar-26,53,"$4,599.22",78.22,27.94551755,535,Y
ST-09,Coral Bay Outlet,South,17-Mar-26,51,3738.85,73.54,28.37657018,585,1
ST-13,Highland Court,West,07/04/2026,68,4432.33,67.85,27.00526824,724,no
ST-14,Golden Valley,West,05/03/2026,74,7031.01,103.92,12.36599111,714,0
ST-11,Willow Creek,South,20260503,51,9608.74,173.63,23.92220701,798,yes
ST-11,Willow Creek,South,2026-03-24,72,"$8,959.70",126.07,9.273387073,580,0
ST-12,Bayfront Commons,South,16/03/2026,49,"$8,200.53",155.93,31.83624592,498,N
ST-04,Silverline Mall,North,25-Mar-26,64,"$5,988.56",100.04,4.362172259,875,N
ST-07,Sunset Boulevard,South,28-May-26,53,11076.47,218.41,6.860269522,760,N
ST-18,Ashbrook Plaza,West,"March 13, 2026",46,1780.11,35.7,26.46225851,412,Y
ST-01,Riverside Plaza,North,05/28/2026,65,6180.24,89.92,28.87627118,469,N
ST-01,Riverside Plaza,North,"April 11, 2026",68,"$4,164.25",60.26,38.36837091,587,N
ST-18,Ashbrook Plaza,West,2026-04-09,50,"$2,332.19",44.8,17.7508394,547,yes
ST-02,Harbor Point,North,11-Apr-26,52,8447.75,171.71,38.70372104,726,no
ST-08,Palm Terrace,SOUTH,"April 19, 2026",46,3210.75,67.28,38.33628057,575,N
ST-08,Palm Terrace,South,2026-04-09,47,2523.9,56.92,18.00484787,560,N
ST-09,Coral Bay Outlet,south,2026-04-17,68,7240.41,101.02,34.41201614,400,N
ST-17,Summit Corner,West,4-May-26,40,"$3,956.43",99.1,28.74928531,765,N
ST-09,coral bay outlet,South,2026-05-28,42,6178.39,148.18,15.42565647,463,N
ST-02,Harbor Point,NORTH,2026-05-14,38,5330.25,126.32,11.95036282,672,N
ST-04,Silverline Mall,North,"March 21, 2026",70,5929.88,85.6,28.58208393,663,N
ST-18,Ashbrook Plaza,West,8-Mar-26,57,1780.82,29.33,12.53881615,713,Y
ST-08,Palm Terrace,South,24-May-26,55,4862.57,84.02,14.70936486,718,1
ST-04,Silverline Mall,north,"May 18, 2026",18,3702.35,194.31,1.502232937,703,FALSE
ST-07,Sunset Boulevard,South,01/04/2026,35,9119.79,272,38.64724792,429,N
ST-16,redwood station,West,2026-04-04,60,"INR 4,715",72.25,0.8825315066,840,TRUE
ST-18,Ashbrook Plaza,West,1-Mar-26,83,3957.01,46.65,22.30471544,426,0
ST-09,Coral Bay Outlet,South,"May 22, 2026",56,9427.05,157.4,11.85939406,706,N
ST-14,Golden Valley,West,20260417,72,,59.92,38.75221259,731,0
ST-15,pinecrest mall,WEST,29-Mar-26,76,3517.85,49.14,28.82813711,658,N
ST-10,Magnolia Square,south,03/11/2026,59,9294.16,161.03,22.10204087,915,yes
ST-06,Cedar Crossing,North,09/03/2026,63,6309.21,105,26.71692922,492,0
ST-05,Eastgate Center,North,2026-03-16,43,5383.73,115.52,19.42169635,478,N
ST-04,Silverline Mall,north,03/05/2026,50,4189.16,78.73,38.18271387,553,N
ST-17,Summit Corner,West,13-May-26,37,8846.24,226.48,11.18359798,460,N
ST-16,Redwood Station,West,22-May-26,48,4137.36,80.1,25.61549517,645,N
ST-14,Golden Valley,west,"March 13, 2026",81,5450.22,61.92,0.07954965801,923,yes
ST-10,Magnolia Square,South,"May 11, 2026",48,5380.3,104.52,25.80723598,591,0
ST-10,Magnolia Square,South,2026-04-25,72,3511.95,53,36.22327319,971,N
ST-17,Summit Corner,West,06/05/2026,40,"$4,673.57",114.42,22.1942134,509,1
ST-18,Ashbrook Plaza,West,04/11/2026,54,"INR 1,801",31.67,37.2351663,433,1
ST-04,Silverline Mall,north,"April 28, 2026",71,2019.68,27.6,-15,844,yes
ST-11,willow creek,south,7-Mar-26,63,4881.27,82.88,33.85980247,867,no
ST-04,Silverline Mall,North,"April 18, 2026",80,2659.11,31.93,39.44645296,626,0
ST-14,Golden Valley,West,20260515,68,3501.66,46.51,39.75555542,623,0
ST-13,Highland Court,west,21-Mar-26,44,"$6,924.33",146.79,27.18521825,630,N
ST-18,Ashbrook Plaza,West,"March 18, 2026",71,2176.76,29.39,1.311106564,573,TRUE
ST-02,Harbor Point,North,2026-05-17,42,5279.7,116.08,4.132914308,626,0
ST-01,Riverside Plaza,North,20260313,46,"$4,743.71",93.1,9.1862412,592,0
ST-02,Harbor Point,North,05/21/2026,66,"$9,837.12",141.07,2.568354063,513,no
ST-08,Palm Terrace,South,20/03/2026,75,6661.05,87.44,23.42328054,449,yes
ST-03,maple junction,North,20-May-26,78,12347.36,159.91,24.74160946,659,yes
ST-15,Pinecrest Mall,West,03/04/2026,77,2562.58,36.26,16.66215686,690,Y
ST-17,Summit Corner,West,"March 8, 2026",47,5182.57,108.24,13.80179777,608,N
ST-11,Willow Creek,SOUTH,2-Apr-26,64,13452.67,198.18,23.46391646,781,0
ST-02,Harbor Point,North,"April 18, 2026",39,"$6,069.06",141.4,0.1942935111,701,N
ST-07,Sunset Boulevard,South,10/03/2026,91,"$4,378.79",44.8,22.70658826,717,no
ST-08,palm terrace,south,20260522,79,4922.28,56.66,18.13421245,553,0
ST-14,Golden Valley,West,"May 12, 2026",39,11487.67,294.27,13.95049863,692,Y
ST-18,Ashbrook Plaza,west,09/03/2026,46,1785.47,36.8,2.550315638,575,1
ST-11,Willow Creek,South,10/03/2026,96,"$12,054.82",128.9,15.61615398,661,N
ST-07,Sunset Boulevard,South,20260319,72,8140.53,105.17,28.57812944,897,Y
ST-02,Harbor Point,NORTH,19-Apr-26,68,"INR 3,710",52.94,11.49892074,531,Y
ST-16,Redwood Station,West,"May 5, 2026",67,8684.71,124.49,6.249892671,676,N
ST-06,Cedar Crossing,north,"May 21, 2026",54,12522.55,250.28,15.3676004,608,no
ST-03,Maple Junction,north,14/04/2026,50,5345.69,113.75,31.974183,586,TRUE
ST-08,Palm Terrace,South,22-Apr-26,79,3811.34,46.81,13.39606762,470,0
ST-05,Eastgate Center,North,19-Apr-26,96,2949.51,32.4,7.60163554,531,N
ST-04,Silverline Mall,north,25-Apr-26,29,2868.49,102.63,1.633423894,529,0
ST-13,Highland Court,West,"May 16, 2026",53,5557.65,102.82,33.37974317,824,yes
ST-04,Silverline Mall,north,30-Mar-26,36,3718.4,93.6,24.84932713,905,0
ST-12,BAYFRONT COMMONS,South,"April 10, 2026",38,5537.56,159.95,na,536,0
ST-10,magnolia square,South,"April 19, 2026",47,4884.34,104.72,36.56033076,674,yes
ST-09,Coral Bay Outlet,SOUTH,01/05/2026,56,7314.26,136.67,23.34346442,575,N
ST-17,Summit Corner,West,05/07/2026,90,3012.11,34.31,28.17373029,497,N
ST-03,Maple Junction,North,"March 14, 2026",50,"$3,923.63",83.03,23.60853097,565,N
ST-05,Eastgate Center,North,"May 20, 2026",54,2809.32,50.93,15.47291382,484,N
ST-07,Sunset Boulevard,South,04/03/2026,62,"INR 3,963",60.73,32.29555956,458,N
ST-06,Cedar Crossing,North,23-Apr-26,66,5755.55,81.97,21.01834608,605,N
ST-07,SUNSET BOULEVARD,South,20260505,37,,278.8,13.2855786,666,yes
ST-14,Golden Valley,west,23/03/2026,35,"$5,887.13",167.5,5.394290752,362,N
ST-18,Ashbrook Plaza,West,20260327,54,3064.25,53.97,26.66677468,478,N
ST-01,Riverside Plaza,North,4-Mar-26,61,7306.75,118.8,22.74964784,745,0
ST-13,Highland Court,West,"March 23, 2026",57,"$5,866.06",95.28,8.22422107,327,N
ST-06,Cedar Crossing,North,"March 18, 2026",63,6388.58,98.39,37.68270935,596,yes
ST-04,Silverline Mall,NORTH,"April 21, 2026",45,"$1,819.62",38.39,6.433054492,517,no
ST-01,RIVERSIDE PLAZA,NORTH,20260306,54,3496.49,64.76,6.092484109,536,0
ST-03,Maple Junction,north,12-Apr-26,80,10960.97,139.76,3.690305637,485,Y
ST-07,Sunset Boulevard,SOUTH,20260308,52,12709.04,230.1,0.9824557964,530,N
ST-12,Bayfront Commons,SOUTH,04/05/2026,62,"$5,631.95",86.17,18.20881022,735,0
ST-01,Riverside Plaza,north,20260409,60,4286.76,77.1,26.86451235,982,N
ST-07,SUNSET BOULEVARD,South,"March 3, 2026",84,3976.22,44.93,-15,807,N
ST-03,Maple Junction,North,05/02/2026,60,7912.51,123.79,12.59513913,659,0
ST-02,Harbor Point,North,"April 16, 2026",53,8058.3,153.93,5.062551685,377,0
ST-16,Redwood Station,West,"May 18, 2026",52,"$3,838.25",77.74,14.01442184,705,N
ST-15,Pinecrest Mall,WEST,"March 21, 2026",76,4015.19,56.49,16.15194036,248,N
ST-08,Palm Terrace,South,2026-05-10,68,3242.29,46.21,19.82259195,417,FALSE
ST-11,Willow Creek,South,"March 5, 2026",47,4178.26,95.38,1.262622023,580,0
ST-09,Coral Bay Outlet,South,20260506,86,3986.38,42.4,5.982240784,547,N
ST-13,Highland Court,west,2026-05-11,76,"$5,322.46",64.71,14.48096585,468,0
ST-10,Magnolia Square,SOUTH,"May 9, 2026",44,4944.61,120.68,22.37099409,804,1
ST-17,Summit Corner,West,11/04/2026,51,"INR 4,792",94.23,39.83068061,458,N
ST-07,Sunset Boulevard,South,2026-04-11,47,"$6,164.59",131.1,17.14588014,468,no
ST-18,Ashbrook Plaza,west,2026-05-10,42,"$5,135.14",116.62,9.567822404,441,FALSE
ST-08,Palm Terrace,south,"April 1, 2026",52,4437.67,92.39,16.00352663,773,1
ST-11,Willow Creek,south,20260322,77,11092.03,133.19,8.034037824,477,N
ST-17,summit corner,WEST,5-May-26,47,4809.89,99.02,21.08022193,581,0
ST-05,Eastgate Center,north,17-Mar-26,71,8330.24,109.75,1.488241529,748,FALSE
ST-04,Silverline Mall,North,"April 14, 2026",48,"INR 8,760",180.63,15.00454612,946,0
ST-05,eastgate center,North,22/05/2026,41,"INR 4,241",111.25,2.177617096,868,N
ST-04,Silverline Mall,north,19/04/2026,70,3365.4,45.79,3.70235755,499,Y
ST-11,Willow Creek,SOUTH,20260414,67,"$5,206.59",80.04,16.38070652,658,TRUE
ST-18,Ashbrook Plaza,West,05/04/2026,61,"$2,024.60",35.72,22.19935169,506,N
ST-11,Willow Creek,SOUTH,06/04/2026,33,"INR 13,156",414.53,15.11212535,566,no
ST-14,Golden Valley,WEST,2026-04-21,66,"INR 3,260",51.48,0.08471292561,464,N
ST-05,Eastgate Center,North,4-May-26,83,3295.87,36.42,9.280998152,773,1
ST-07,Sunset Boulevard,south,2026-03-14,75,5996.48,78.37,39.35287365,846,yes
ST-07,sunset boulevard,South,04/24/2026,78,9570.67,122.71,6.125474108,433,N
ST-05,Eastgate Center,NORTH,03/09/2026,38,3463.33,84.38,14.70855219,618,FALSE
ST-09,Coral Bay Outlet,South,04/07/2026,79,7091.83,98.57,18.55473034,859,0
ST-10,Magnolia Square,south,2026-05-29,65,2877.61,47.83,1.076366049,697,0
ST-15,Pinecrest Mall,West,2026-04-25,71,3098.89,43.11,19.57066732,910,yes
ST-13,Highland Court,West,21-Apr-26,51,,76.92,38.22844391,683,0
ST-03,Maple Junction,north,2026-04-17,62,3676.04,62.76,19.65214131,309,Y
ST-11,WILLOW CREEK,South,20260308,68,5416.18,84.62,1.969659733,516,0
ST-11,Willow Creek,South,20260420,75,8752.46,118.59,15.79973836,806,N
ST-12,Bayfront Commons,South,20260528,49,6304.04,128.45,19.94752586,589,0
ST-12,Bayfront Commons,south,17/05/2026,51,"$12,582.72",249.82,8.932282588,657,N
ST-01,Riverside Plaza,North,06/05/2026,53,"$4,165.14",83.26,33.56695465,565,FALSE
ST-05,Eastgate Center,North,04/03/2026,77,"INR 4,429",52.73,10.96270395,841,N
ST-07,sunset boulevard,South,09/04/2026,58,21655,387.92,25.32382531,597,0
ST-01,RIVERSIDE PLAZA,North,2026-03-25,35,6809.82,179.41,39.88138631,705,FALSE
ST-03,Maple Junction,north,1-Apr-26,58,4009.41,71.64,11.12296159,810,TRUE
ST-14,Golden Valley,West,2026-05-21,87,3591.29,37.8,10.48723943,647,0
ST-11,Willow Creek,South,15/03/2026,37,"$7,725.34",228.75,18.55004381,553,Y
ST-06,Cedar Crossing,North,20260526,54,3402.9,66.59,13.77910814,780,N
ST-10,Magnolia Square,South,20260323,64,"$4,967.52",73.93,32.25233997,716,Y
ST-18,Ashbrook Plaza,West,18/05/2026,76,"$4,275.40",59.2,28.69544127,520,no
ST-01,RIVERSIDE PLAZA,NORTH,"May 25, 2026",35,6578.92,202.97,38.87215275,575,N
ST-17,Summit Corner,West,2026-03-25,68,10717.89,150.8,9.724646577,474,FALSE
ST-04,Silverline Mall,North,"March 3, 2026",48,2639.68,58,34.02247774,495,N
ST-12,Bayfront Commons,South,"April 30, 2026",84,"$6,825.38",78.51,11.22480863,665,no
ST-11,WILLOW CREEK,South,03/18/2026,57,5436.78,86.59,36.500263,699,0
ST-17,summit corner,West,03/03/2026,54,"INR 9,475",158.73,9.613601807,782,Y
ST-17,Summit Corner,west,03/27/2026,74,4521.53,65.38,20.2685639,487,N
ST-08,Palm Terrace,south,20260301,56,,59.32,31.20961058,603,FALSE
ST-13,Highland Court,West,02/04/2026,61,2703.05,42.25,3.496122987,622,no
ST-17,summit corner,WEST,17-May-26,67,"$5,387.21",72.91,11.75372451,554,TRUE
ST-13,Highland Court,West,"April 1, 2026",75,"$5,804.37",71.77,37.24084094,695,yes
ST-06,Cedar Crossing,North,"April 25, 2026",35,"INR 6,087",176.78,17.1752608,856,yes
ST-04,Silverline Mall,North,03/04/2026,59,4604.02,75.94,1.946698194,455,N
ST-10,Magnolia Square,SOUTH,20260330,74,4022.09,56.45,35.71883596,540,Y
ST-14,Golden Valley,West,20260303,46,"$4,786.05",108.38,12.04047253,750,N
ST-05,Eastgate Center,North,20260303,67,"$2,332.46",36.78,na,603,N
ST-15,Pinecrest Mall,West,23-Apr-26,27,4274.7,165.65,31.22586334,900,N
ST-07,Sunset Boulevard,South,22-May-26,82,7344.56,95.07,21.03956471,589,N
ST-01,Riverside Plaza,NORTH,"March 3, 2026",69,"$5,223.30",78.27,17.48607675,500,no
ST-01,riverside plaza,North,20260307,65,4746.25,76.19,17.97446009,726,N
ST-04,silverline mall,NORTH,11/04/2026,43,"INR 2,362",53.45,29.85127251,599,no
ST-13,Highland Court,WEST,2026-03-18,60,"INR 6,431",101.54,26.87382327,314,yes
ST-10,Magnolia Square,south,2026-05-19,90,"INR 6,073",63.32,12.782689,455,no
ST-08,Palm Terrace,South,"April 5, 2026",39,3574.39,98.03,38.58640926,876,no
ST-05,Eastgate Center,North,05/03/2026,56,7899.46,127.11,31.1701245,620,Y
ST-18,Ashbrook Plaza,West,20260513,37,2565.56,73.18,6.83927659,621,FALSE
ST-03,Maple Junction,North,"April 5, 2026",63,5098.13,78.05,15.48068462,761,yes
ST-17,SUMMIT CORNER,West,"March 11, 2026",88,6168.23,64.08,25.70809621,625,0
ST-01,Riverside Plaza,North,2026-03-28,85,6704.04,84.93,28.3831314,439,N
ST-13,Highland Court,West,2026-05-24,43,2829.65,71.91,-15,421,FALSE
ST-13,HIGHLAND COURT,west,04/15/2026,60,3628.72,62.53,0.6887557263,461,yes
ST-17,Summit Corner,WEST,20260418,56,3349.83,62.51,10.43088215,633,Y
ST-09,CORAL BAY OUTLET,South,2026-05-07,50,"$4,286.62",90.56,33.09515418,649,0
ST-08,Palm Terrace,south,"March 9, 2026",66,2224.18,34.43,38.88215195,526,0
ST-11,Willow Creek,South,11/03/2026,83,6159.44,67.76,36.95619695,774,N
ST-08,Palm Terrace,South,"May 28, 2026",72,"$2,062.06",29.6,39.33071893,672,yes
ST-08,Palm Terrace,South,2026-05-01,53,2503.72,45.74,1.555519587,695,no
ST-12,BAYFRONT COMMONS,south,21-Mar-26,68,14711.34,200.94,19.67698101,653,Y
ST-07,sunset boulevard,South,24-May-26,94,6412.7,71.53,18.86541348,448,yes
ST-12,Bayfront Commons,South,2026-03-10,33,5807.61,183.31,11.69806602,514,N
ST-03,Maple Junction,North,16-May-26,47,4809.78,93.55,1.219236365,398,no
ST-01,Riverside Plaza,North,03/26/2026,49,6037.67,127.07,250,724,0
ST-04,Silverline Mall,North,"May 6, 2026",67,2219.15,36.32,27.06954518,624,N
ST-07,Sunset Boulevard,South,04/02/2026,55,"$6,209.24",105.24,3.074969787,811,0
ST-01,RIVERSIDE PLAZA,NORTH,"April 17, 2026",60,"$4,052.68",65.67,32.52637383,787,N
ST-02,Harbor Point,North,17/03/2026,39,3344.85,78.46,5.301683238,605,no
ST-04,Silverline Mall,North,"May 19, 2026",60,2253.38,38.99,5.298055926,625,TRUE
ST-01,Riverside Plaza,north,2026-04-25,63,"$3,501.55",51.55,12.17866106,475,1
ST-11,Willow Creek,south,2026-04-18,56,9535.19,171.37,27.78190404,723,N
ST-03,Maple Junction,North,2026-04-03,81,"INR 6,362",79.23,35.43554781,673,FALSE
ST-02,Harbor Point,NORTH,31/03/2026,46,12052.49,253.37,33.82797603,419,0
ST-13,Highland Court,west,17/03/2026,48,"$2,840.87",56.93,4.029881125,698,Y
ST-10,Magnolia Square,South,20260415,39,"$6,618.66",182.41,29.09984613,427,Y
ST-01,Riverside Plaza,North,12/05/2026,54,3125.7,61.69,28.42131087,313,N
ST-16,redwood station,west,20260426,69,6026.21,91.57,28.92655596,451,Y
ST-18,Ashbrook Plaza,West,"March 30, 2026",27,2940.05,116.32,32.10949897,428,no
ST-14,Golden Valley,West,04/25/2026,68,9147.93,125.25,23.45527985,565,N
ST-01,Riverside Plaza,north,"April 15, 2026",70,3944.86,53.45,19.19453602,715,Y
ST-16,Redwood Station,WEST,03/16/2026,56,"$3,332.51",58.73,2.226382957,633,0
ST-06,Cedar Crossing,NORTH,20260513,63,3033.04,45.8,1.277179133,582,Y
ST-12,Bayfront Commons,South,"April 3, 2026",44,,361.97,28.91818574,516,N
ST-11,WILLOW CREEK,SOUTH,2026-05-14,50,10541.49,228.34,29.71208578,481,TRUE
ST-12,Bayfront Commons,South,29-Mar-26,62,8320.91,126.13,17.55813487,454,N
ST-11,Willow Creek,South,20260331,55,11837.54,233.46,10.62653438,463,N
ST-06,Cedar Crossing,North,2026-05-23,85,"$2,607.80",28.44,23.89910387,820,N
ST-14,Golden Valley,west,"April 26, 2026",97,"$11,573.76",108.7,2.584979153,675,no
ST-07,Sunset Boulevard,south,3-May-26,67,7815.31,112.42,29.00457265,502,N
ST-06,Cedar Crossing,North,20260316,66,17917.7,258.77,24.00117767,391,N
ST-18,Ashbrook Plaza,West,29/03/2026,42,2049.47,49.32,35.55598172,781,N
ST-09,Coral Bay Outlet,South,08/05/2026,56,12560.82,214.51,25.00588854,611,no
ST-16,REDWOOD STATION,West,01/04/2026,57,"$3,643.12",64.36,2.070472638,503,N
ST-11,Willow Creek,South,13/05/2026,93,"INR 3,980",46.29,38.39198848,548,Y
ST-12,Bayfront Commons,South,"May 11, 2026",47,4290.61,98.93,9.781782483,526,no
ST-01,Riverside Plaza,North,30/04/2026,39,4175.45,99.62,25.29131252,443,N
ST-12,Bayfront Commons,SOUTH,04/11/2026,67,10424.37,150.85,10.80109473,701,N
ST-02,harbor point,North,03/03/2026,62,4898.36,72.21,19.24492407,422,no
ST-08,Palm Terrace,South,2026-04-06,60,"$2,255.56",39.39,8.623378865,515,0
ST-10,Magnolia Square,South,03/09/2026,43,"INR 3,328",84.6,18.89101153,640,0
ST-03,Maple Junction,North,2026-03-15,86,6553.04,78.46,19.34046564,381,N
ST-04,Silverline Mall,NORTH,11/03/2026,64,2506.71,36.23,16.66929016,749,N
ST-08,Palm Terrace,South,20260505,72,2269.64,33.35,32.29512095,816,N
ST-04,Silverline Mall,north,2026-05-29,73,"$3,039.06",42.01,na,569,N
ST-06,Cedar Crossing,North,20260509,71,3745.25,53.82,7.845200786,643,TRUE
ST-13,Highland Court,West,2026-05-28,56,5732.24,94.81,18.55238152,642,Y
ST-18,Ashbrook Plaza,West,02/04/2026,61,3073.28,49.77,18.09304345,472,no
ST-03,Maple Junction,North,03/03/2026,62,3641.82,53.62,10.15564352,904,Y
ST-13,Highland Court,West,2026-03-28,65,"$5,043.15",79.16,10.86572399,369,Y
ST-13,Highland Court,West,2026-04-06,71,5155.32,66.58,34.73414193,670,0
ST-02,Harbor Point,north,03/21/2026,45,"INR 8,379",174.31,-15,641,yes
ST-18,Ashbrook Plaza,West,2026-04-26,69,7407.38,117.42,34.8665501,445,yes
ST-01,Riverside Plaza,North,"April 12, 2026",71,4339.71,56.91,34.97257461,574,N
ST-09,CORAL BAY OUTLET,South,27/03/2026,51,"INR 7,685",147.12,7.507032681,403,1
ST-02,Harbor Point,North,5-Apr-26,79,6797.84,80.89,27.20139742,738,N
ST-03,Maple Junction,North,"March 25, 2026",69,6262.74,82.2,29.61781419,553,0
ST-11,Willow Creek,south,02/05/2026,54,"INR 3,822",72.58,18.74419775,583,N
ST-01,Riverside Plaza,North,20260422,65,3532.71,57.59,3.994499086,885,N
ST-14,Golden Valley,West,14-Apr-26,53,"INR 2,985",60.21,29.09043812,738,no
ST-07,SUNSET BOULEVARD,South,2026-03-06,35,5957.65,156.23,23.24459258,765,0
ST-01,Riverside Plaza,North,"May 8, 2026",78,7117.49,90.54,16.99107699,705,no
ST-06,Cedar Crossing,North,20260427,40,"$3,380.22",80.79,33.71341503,735,yes
ST-15,pinecrest mall,West,2026-03-01,49,3188.48,66.32,0.2045005247,551,N
ST-14,GOLDEN VALLEY,west,06/03/2026,92,"$6,249.12",63.89,26.11990298,395,N
ST-14,Golden Valley,west,19-May-26,83,"INR 5,449",64.89,30.95120252,675,N
ST-03,Maple Junction,north,04/03/2026,64,3496.7,59.21,9.946986481,638,0
ST-02,Harbor Point,North,04/17/2026,62,"$13,032.04",197.08,13.56094504,594,yes
ST-09,Coral Bay Outlet,south,05/16/2026,55,9410.48,167.33,33.14297113,445,1
ST-02,Harbor Point,North,12/04/2026,65,"$4,006.90",56.31,20.48971884,438,no
ST-01,Riverside Plaza,North,05/20/2026,53,2965.26,61.14,34.22568487,287,no
ST-15,Pinecrest Mall,West,20-Apr-26,63,3350.87,53.14,35.6955346,564,N
ST-02,Harbor Point,North,16/03/2026,25,11577.74,435.47,35.5223478,583,FALSE
ST-14,Golden Valley,West,20260525,87,9112.95,110.93,21.97873331,553,N
ST-07,Sunset Boulevard,South,2026-03-02,53,"INR 6,150",121.81,11.23912207,590,N
ST-17,Summit Corner,West,05/18/2026,72,4407.73,57.48,5.594159604,846,N
ST-06,Cedar Crossing,North,20260331,98,4868.2,44.85,31.19717042,567,N
ST-02,Harbor Point,North,05/15/2026,78,7623.07,91.61,19.88103385,408,Y
ST-03,Maple Junction,North,20260508,65,3181,53.35,31.92847368,530,1
ST-04,Silverline Mall,North,7-Apr-26,53,"$4,054.12",77.46,11.782243,384,N
ST-05,Eastgate Center,North,26-May-26,57,"$4,083.84",72.92,8.45884535,498,0
ST-16,REDWOOD STATION,West,"April 5, 2026",57,"INR 3,533",55.85,33.88257076,687,N
ST-10,Magnolia Square,south,20260418,39,4419.28,102.33,-15,988,N
ST-04,Silverline Mall,north,"May 4, 2026",-36,"INR 2,522",2572.17,22.02565843,691,N
ST-15,pinecrest mall,West,04/11/2026,70,"INR 6,546",90.86,17.57451596,733,N
ST-10,Magnolia Square,South,04/09/2026,70,8074.51,126.69,34.5206357,626,0
ST-02,Harbor Point,North,08/03/2026,65,3012.82,47.01,39.7631109,682,Y
ST-10,Magnolia Square,South,05/18/2026,68,2772.37,38.93,14.57682077,573,no
ST-18,Ashbrook Plaza,West,20260514,61,"$5,276.99",82.33,3.267953084,619,FALSE
ST-09,Coral Bay Outlet,South,"March 18, 2026",47,7972.71,185.57,30.61385407,510,no
ST-18,Ashbrook Plaza,West,2026-03-20,69,1268.69,18.92,9.335067157,591,N
ST-11,Willow Creek,South,2026-05-25,64,4481.55,68.68,30.48112924,864,N
ST-05,Eastgate Center,North,05/01/2026,59,2822.86,51.08,29.39772394,216,TRUE
ST-02,Harbor Point,North,03/13/2026,56,6142.25,118.85,39.3674106,778,Y
ST-05,eastgate center,north,"May 14, 2026",62,"$4,990.78",80.73,31.48299292,476,0
ST-01,Riverside Plaza,north,14-May-26,89,"INR 3,754",38.8,8.279406386,502,N
ST-17,summit corner,West,03/16/2026,29,3345.93,108.93,24.21816295,652,N
ST-12,Bayfront Commons,south,"May 13, 2026",57,7913.04,147.1,2.136298838,755,yes
ST-03,Maple Junction,NORTH,18-Apr-26,44,5552.05,119.16,12.99082515,578,0
ST-17,Summit Corner,west,20260405,56,3895.55,70.41,38.70581528,349,N
ST-04,Silverline Mall,North,02/04/2026,37,2610.54,70.37,24.03397506,610,0
ST-16,REDWOOD STATION,West,"April 19, 2026",53,5667.04,102.59,36.77215041,506,N
ST-16,Redwood Station,WEST,20260315,56,2921.71,54.92,10.56928883,440,0
ST-16,Redwood Station,West,03/19/2026,62,"$4,142.46",69.05,22.98283777,372,N
ST-10,Magnolia Square,south,03/15/2026,62,"$10,820.90",174.96,na,807,N
ST-09,Coral Bay Outlet,South,2026-04-12,64,"$7,206.84",105.68,17.08547907,696,N
ST-09,Coral Bay Outlet,South,"March 14, 2026",77,"$7,286.46",101.1,11.54358431,472,no
ST-05,Eastgate Center,north,2026-03-29,58,7414.09,138.33,33.51918793,407,N
ST-03,Maple Junction,North,04/25/2026,64,4840.48,80.37,35.24932863,743,no
ST-15,Pinecrest Mall,WEST,2026-05-25,43,"INR 5,016",117.58,21.74921404,381,N
ST-03,Maple Junction,North,2026-05-27,87,11255.74,124.25,1.634799591,294,N
ST-04,Silverline Mall,North,04/05/2026,52,2981.88,55.71,11.04984564,475,1
ST-11,Willow Creek,South,24-May-26,66,9503.12,144.01,4.020433848,587,0
ST-02,Harbor Point,NORTH,28/03/2026,53,4168.21,71.06,36.99849891,529,TRUE
ST-15,Pinecrest Mall,West,2026-04-19,49,,76.19,1.291142085,498,yes
ST-08,Palm Terrace,SOUTH,13/04/2026,57,3530.83,65.72,38.26541425,466,TRUE
ST-03,Maple Junction,NORTH,9-May-26,49,6009.67,131.38,28.37096045,573,N
ST-14,GOLDEN VALLEY,West,20260308,53,3852.37,75.8,29.47286685,448,1
ST-13,Highland Court,west,"May 21, 2026",78,10539.98,121.84,0.9159017709,514,N
ST-01,Riverside Plaza,north,11-May-26,70,4942.55,69.17,39.61553829,616,no
ST-02,Harbor Point,North,"March 5, 2026",56,"$4,471.08",72.11,19.08802533,747,no
ST-12,Bayfront Commons,South,"March 8, 2026",78,4083.32,49.33,21.26767432,431,Y
ST-01,Riverside Plaza,North,"April 3, 2026",81,10534.32,129.26,6.026918953,365,N
ST-09,Coral Bay Outlet,South,19/05/2026,53,"$4,747.25",86.68,7.935004073,499,yes
ST-14,Golden Valley,west,16/03/2026,68,2813.96,43.26,6.700978676,640,N
ST-16,redwood station,WEST,13-Mar-26,61,,76.26,30.71434012,570,0
ST-05,Eastgate Center,North,05/28/2026,85,6958.19,87.08,28.55777194,519,N
ST-05,Eastgate Center,north,"May 25, 2026",60,2416.81,37.99,29.53275748,468,FALSE
ST-09,Coral Bay Outlet,South,20260421,59,"$6,907.13",118.44,25.4710008,559,0
ST-08,Palm Terrace,SOUTH,2026-05-26,38,2615.76,66.28,15.91685626,615,N
ST-12,bayfront commons,South,18/05/2026,87,6830.94,73.22,37.32191442,769,1
ST-14,Golden Valley,West,"May 4, 2026",83,6163.13,69.9,22.85727048,351,TRUE
ST-01,Riverside Plaza,North,1-Mar-26,44,8216.34,196.49,31.44257221,716,0
ST-15,Pinecrest Mall,West,"May 13, 2026",75,7682.72,100.86,16.89292293,375,N
ST-13,Highland Court,West,"April 4, 2026",62,"$8,602.42",140.28,14.48485993,475,0
ST-01,Riverside Plaza,North,17/05/2026,85,8738.54,111.7,15.65967918,480,0
ST-01,Riverside Plaza,North,20260524,54,4681.73,79.12,38.75009285,430,Y
ST-16,Redwood Station,West,20260414,60,10136.74,180.01,4.867191159,468,N
ST-01,Riverside Plaza,North,22/05/2026,63,6334.8,94.29,13.76564312,661,FALSE
ST-06,Cedar Crossing,North,20260308,37,2210.78,64.39,11.97113488,337,FALSE
ST-17,Summit Corner,west,10/03/2026,40,8352.27,207.27,36.73329473,677,yes
ST-08,PALM TERRACE,South,16/04/2026,60,3581.16,61.47,3.067194129,564,yes
ST-18,Ashbrook Plaza,WEST,3-Apr-26,67,4038.72,57.16,17.84315268,708,FALSE
ST-13,Highland Court,west,05/19/2026,47,"INR 9,014",199.67,31.09595975,526,yes
ST-05,Eastgate Center,North,05/16/2026,75,5226.93,74.15,18.61762627,633,0
ST-09,Coral Bay Outlet,SOUTH,04/20/2026,71,"$4,334.87",63.93,23.36781068,674,yes
ST-10,magnolia square,south,29/04/2026,75,5276.54,63.95,30.9492662,817,N
ST-08,Palm Terrace,South,15-Mar-26,45,4716.9,115,34.992725,569,N
ST-10,magnolia square,South,20260422,44,"$3,016.45",70.22,21.19510241,642,N
ST-11,Willow Creek,South,2026-05-05,82,"$4,694.19",60.7,39.97143635,497,N
ST-12,Bayfront Commons,South,20260426,81,9266.27,103.43,24.10187252,406,N
ST-15,pinecrest mall,West,2026-03-28,58,1769.86,33.5,22.1959577,656,0
ST-14,GOLDEN VALLEY,West,2026-04-08,60,,74.04,1.503414254,951,no
ST-05,Eastgate Center,NORTH,"April 14, 2026",36,5042.7,143.73,25.07092303,600,N
ST-16,Redwood Station,West,11-May-26,45,6006.32,120.94,21.40298192,445,no
ST-12,BAYFRONT COMMONS,South,"May 7, 2026",57,6004.15,102.99,5.379767813,707,no
ST-15,Pinecrest Mall,West,27/03/2026,66,"$2,390.71",37.03,24.82820437,744,N
ST-02,Harbor Point,North,20260315,63,,122.73,29.84271916,530,N
ST-07,Sunset Boulevard,South,09/05/2026,63,5439.8,83.92,14.9306967,635,N
ST-11,WILLOW CREEK,South,19-May-26,69,10442.1,140.47,24.78871385,764,no
ST-13,highland court,West,2026-03-31,63,"$4,676.53",75.55,34.34520689,807,N
ST-08,PALM TERRACE,South,28/04/2026,65,"$3,739.45",62.62,28.86961009,462,0
ST-12,Bayfront Commons,South,05/29/2026,60,9960.51,162.49,23.74550285,744,N
ST-10,MAGNOLIA SQUARE,South,"March 17, 2026",67,3492.7,47.84,20.99876087,358,FALSE
ST-14,Golden Valley,west,05/05/2026,58,,57.13,29.85535404,415,N
ST-15,Pinecrest Mall,WEST,2026-04-29,65,2903.93,41.34,7.455253329,866,N
ST-01,Riverside Plaza,north,20260502,71,,80.73,16.32626673,700,0
ST-04,SILVERLINE MALL,North,20260312,66,"INR 2,231",31.48,12.25921509,617,N
ST-10,Magnolia Square,South,"April 12, 2026",52,5522.98,114.91,2.03582202,801,yes
ST-09,Coral Bay Outlet,SOUTH,04/28/2026,61,"$4,768.75",84.97,20.1522684,546,TRUE
ST-11,WILLOW CREEK,South,9-Mar-26,60,2836.43,49.74,12.7159086,537,1
ST-03,Maple Junction,NORTH,2026-04-28,65,"$8,110.25",127.1,39.5631174,684,N
ST-03,Maple Junction,North,2026-04-13,77,6760.21,86.72,29.36780273,606,no
ST-02,harbor point,north,20260425,64,9892.72,152.01,21.49750293,541,Y
ST-17,SUMMIT CORNER,West,05/16/2026,67,3610.92,53.53,30.74575292,346,N
ST-05,Eastgate Center,NORTH,14-Mar-26,68,5274.5,79.47,24.43796132,519,Y
ST-16,redwood station,West,2026-03-10,42,3428.5,83.51,2.094146701,435,N
ST-02,Harbor Point,north,"March 29, 2026",77,3934.92,53.55,3.000692294,591,N
ST-14,GOLDEN VALLEY,West,16/04/2026,56,6885.38,127.44,19.36996446,303,1
ST-14,Golden Valley,WEST,2-May-26,91,12576.42,128.76,27.74305659,377,yes
ST-03,Maple Junction,north,05/10/2026,68,8487.68,112.49,36.30783614,627,N
ST-18,Ashbrook Plaza,West,6-Apr-26,60,2647.24,43.95,7.683181116,594,0
ST-15,Pinecrest Mall,West,04/14/2026,76,2831.03,34.8,33.94104785,663,0
ST-12,Bayfront Commons,South,20260417,42,13656.43,320.84,30.93910625,247,N
ST-01,RIVERSIDE PLAZA,North,10/03/2026,75,"$4,997.57",68.93,11.24935135,747,TRUE
ST-05,Eastgate Center,north,29-May-26,70,,60.06,26.1249867,532,FALSE
ST-14,Golden Valley,west,20260523,61,3603.52,62,8.04103341,710,N
ST-12,Bayfront Commons,South,20260409,54,7198.95,127.62,20.61737033,642,Y
ST-08,Palm Terrace,SOUTH,18/05/2026,66,4152.44,64.45,22.69147622,433,N
ST-03,MAPLE JUNCTION,north,05/15/2026,63,7106.3,116.3,31.32051342,899,N
ST-10,Magnolia Square,South,"May 12, 2026",48,"$2,386.81",50.7,4.361928447,452,FALSE
ST-07,Sunset Boulevard,South,20260423,71,"$12,198.56",176.6,8.402765882,608,Y
ST-05,Eastgate Center,North,20260330,61,2277.81,37.42,28.51486888,564,0
ST-15,Pinecrest Mall,WEST,2026-03-15,-74,3963.33,3751.27,21.12275048,331,N
ST-15,Pinecrest Mall,West,20260406,57,4449.09,74.7,35.43445736,318,yes
ST-07,Sunset Boulevard,South,20260318,60,"$13,004.12",222.11,33.14462708,684,no
ST-11,Willow Creek,South,9-Mar-26,60,2836.43,49.74,12.7159086,537,1
ST-11,Willow Creek,south,"March 25, 2026",56,"$4,223.97",72.11,6.471344522,733,N
ST-16,Redwood Station,WEST,13-Apr-26,91,3305.92,34.64,11.55550833,784,1
ST-11,WILLOW CREEK,South,20260529,37,"INR 4,589",129.48,24.34503301,654,N
ST-06,CEDAR CROSSING,north,"March 11, 2026",36,5645.16,162.9,10.15532645,480,no
ST-09,Coral Bay Outlet,SOUTH,04/03/2026,51,15033.05,286.14,3.002233216,41631,yes
ST-12,Bayfront Commons,South,20260416,28,8640.54,318.1,6.118846839,697,no
ST-17,Summit Corner,West,28-Apr-26,96,5201,52.94,26.37927727,639,N
ST-02,Harbor Point,north,20260424,82,2740.71,36.71,10.30469691,697,yes
ST-11,willow creek,South,28/04/2026,-48,"$4,436.22",4372.27,37.71763031,672,Y
ST-06,Cedar Crossing,North,"April 21, 2026",52,3355.37,58.55,21.76654031,371,0
ST-11,Willow Creek,south,23/03/2026,46,3126.29,71.14,2.421094852,432,N
ST-16,Redwood Station,West,20260306,36,5873.24,166.93,13.49573913,355,N
ST-09,Coral Bay Outlet,South,20-Mar-26,41,5653.95,148.09,7.045906591,718,TRUE
ST-17,Summit Corner,WEST,2026-05-01,67,"INR 7,527",108.16,22.55221731,733,Y
ST-10,magnolia square,SOUTH,"April 28, 2026",77,3261.45,44.4,16.53755179,550,TRUE
ST-09,Coral Bay Outlet,SOUTH,12/03/2026,48,"$5,065.77",105.12,30.02938986,630,no
ST-06,Cedar Crossing,north,2026-05-29,71,,56.66,13.18605889,811,0
ST-02,Harbor Point,North,27-May-26,26,"INR 4,165",157.57,12.97622657,645,yes
ST-18,Ashbrook Plaza,West,20260408,20,"$4,904.79",251.61,14.94350362,738,FALSE
ST-08,Palm Terrace,South,05/07/2026,39,5436.61,153.15,12.90101261,434,N
ST-17,Summit Corner,West,12-May-26,54,10269.02,187.19,12.40936068,424,N
ST-14,Golden Valley,west,2026-04-02,61,7054.86,120.79,38.10540845,720,0
ST-18,Ashbrook Plaza,WEST,2026-05-27,63,"$2,241.35",34.84,7.802618843,494,Y
ST-12,Bayfront Commons,South,20-Apr-26,37,10158.2,289.84,29.70192821,623,N
ST-18,Ashbrook Plaza,West,29-May-26,64,2923.85,44.32,0.6594415983,760,N
ST-01,riverside plaza,North,08/03/2026,52,5624.14,99.17,16.63229609,653,N
ST-17,Summit Corner,West,20260502,-57,10135.92,11125.69,18.28092777,701,yes
ST-08,Palm Terrace,South,07/04/2026,63,3907.94,66.64,13.08644271,635,N
ST-14,Golden Valley,West,20260522,64,"INR 3,218",47.87,13.21461924,680,no
ST-18,Ashbrook Plaza,West,2026-05-25,47,3472.66,66.7,0.8966394425,991,N
ST-04,Silverline Mall,North,27/05/2026,36,3220.29,85.92,22.45974133,604,Y
ST-11,Willow Creek,south,20260507,64,"$7,340.68",112.95,20.29402015,448,TRUE
ST-09,Coral Bay Outlet,South,05/03/2026,73,6526.95,95.49,21.77865326,317,N
ST-09,Coral Bay Outlet,South,2026-03-16,48,6813.22,145.73,16.46482201,558,Y
ST-04,SILVERLINE MALL,North,29/04/2026,64,5989.21,98.07,2.208089328,618,Y
ST-15,PINECREST MALL,WEST,05/18/2026,51,2632.35,54.61,5.364229267,431,N
ST-11,Willow Creek,South,20260510,87,"$5,945.06",73.38,36.06155634,462,Y
ST-11,Willow Creek,South,22/04/2026,45,,151.07,24.95796785,651,N
ST-14,Golden Valley,West,10-May-26,50,10036.44,186.87,23.70076702,1045,1
ST-14,golden valley,West,"April 6, 2026",41,"$8,423.23",220.02,9.648793631,379,N
ST-03,Maple Junction,North,18-May-26,59,6752.1,125.76,24.18994853,791,no
ST-12,Bayfront Commons,South,20260407,55,"INR 8,957",162.27,8.022610054,760,FALSE
ST-15,Pinecrest Mall,West,2026-03-09,63,2621.57,44.16,24.64872334,532,yes
ST-05,EASTGATE CENTER,North,"March 13, 2026",58,3387,57.52,15.68820816,652,N
ST-14,Golden Valley,West,2026-03-21,67,5627.3,77.62,10.15537634,697,0
ST-05,Eastgate Center,North,20260424,84,3761.05,46.37,4.348681587,482,TRUE
ST-02,Harbor Point,north,22/04/2026,79,"$7,495.98",102.22,26.60855862,935,1
ST-06,cedar crossing,North,20260515,55,4166.88,80.35,19.71848276,660,FALSE
ST-14,Golden Valley,West,2026-04-27,38,4273.6,116.01,5.084636456,662,no
ST-03,Maple Junction,North,2026-04-22,64,5767.48,95.6,17.50145427,663,0
ST-14,Golden Valley,west,2026-04-10,54,"INR 4,403",76.06,16.20398039,491,Y
ST-16,REDWOOD STATION,West,"April 3, 2026",65,6005.61,90.65,6.431568129,504,Y
ST-16,Redwood Station,west,20260423,40,3098.01,75.06,3.352995918,809,FALSE
ST-10,magnolia square,South,20260515,82,4751.18,58.97,0.6705108946,772,1
ST-01,Riverside Plaza,North,2026-05-19,60,11223.29,196.16,na,637,N
ST-10,Magnolia Square,South,03/05/2026,49,"INR 2,424",50.2,24.39541336,580,N
ST-12,Bayfront Commons,South,29/04/2026,61,7459.21,129.16,1.882901363,750,Y
ST-08,PALM TERRACE,SOUTH,20260411,54,"INR 7,351",127.16,13.07521337,564,0
ST-14,Golden Valley,West,05/17/2026,73,5607.19,79.21,33.56676012,534,no
ST-01,Riverside Plaza,North,27/04/2026,50,9094.58,183.01,9.936256155,617,yes
ST-02,harbor point,North,13/04/2026,52,9041.26,159.54,4.560767653,472,N
ST-11,Willow Creek,South,3-Apr-26,65,6830.02,101.96,6.25322038,467,N
ST-16,REDWOOD STATION,West,26/03/2026,25,"$6,784.27",287.1,29.38120341,662,TRUE
ST-10,Magnolia Square,SOUTH,03/14/2026,65,"$2,794.97",46.23,37.01697453,427,N
ST-06,Cedar Crossing,North,24/04/2026,92,4691.29,50.2,21.95011511,672,yes
ST-17,Summit Corner,West,03/05/2026,50,2860.34,52.79,35.36924067,620,0
ST-04,Silverline Mall,North,"May 17, 2026",60,10746.48,169.78,2.126446869,746,N
ST-05,Eastgate Center,North,"March 27, 2026",52,7307.75,144.72,8.473378458,751,1
ST-12,Bayfront Commons,South,"April 4, 2026",69,7755.32,112.58,7.657688776,510,Y
ST-10,Magnolia Square,south,2026-05-24,51,"$2,511.81",50.21,29.75487911,364,0
ST-10,Magnolia Square,south,2026-03-19,78,5868.09,81.11,3.720810281,512,N
ST-18,Ashbrook Plaza,West,03/05/2026,31,"$4,242.67",123.19,11.78920721,546,no
ST-06,Cedar Crossing,North,26/03/2026,77,"$6,535.37",78.14,5.987568979,425,FALSE
ST-13,Highland Court,West,23-Apr-26,48,"$4,204.12",80.46,22.86061153,398,yes
ST-08,Palm Terrace,South,2026-03-23,57,"INR 2,604",45.05,11.28395624,791,N
ST-02,Harbor Point,NORTH,22/05/2026,76,4010.45,50.85,4.170008651,452,TRUE
ST-01,Riverside Plaza,North,8-Apr-26,50,"INR 7,535",137.09,4.371291645,479,yes
ST-08,Palm Terrace,South,23/05/2026,60,6575.67,117.51,na,631,no
ST-02,harbor point,north,03/01/2026,94,11132.25,129.34,14.83649286,407,N
ST-18,Ashbrook Plaza,west,12/04/2026,61,"$5,545.34",83.14,0.3780821202,408,no
ST-10,Magnolia Square,SOUTH,05/05/2026,43,4604.42,109.51,14.38442223,550,FALSE
ST-13,Highland Court,West,2026-03-14,90,2721.16,29.27,19.80279434,740,N
ST-16,Redwood Station,West,2026-05-07,92,6034.47,71.89,17.78471148,389,0
ST-18,Ashbrook Plaza,West,04/29/2026,74,2749.41,37.1,9.981393325,722,yes
ST-06,Cedar Crossing,North,20260419,57,7823.44,148.64,13.97432183,703,Y
ST-04,Silverline Mall,NORTH,2026-05-08,67,3959.31,61.56,1.884996664,602,N
ST-01,Riverside Plaza,North,"March 29, 2026",79,"$3,232.29",44.52,5.937559597,911,N
ST-12,Bayfront Commons,South,05/24/2026,45,"INR 6,441",143.69,na,803,N
ST-17,Summit Corner,West,20260407,47,4299.3,84.59,13.45643498,918,N
ST-11,willow creek,South,15/04/2026,49,6071.05,111.93,24.7802622,545,no
ST-02,Harbor Point,NORTH,05/19/2026,75,"$4,606.43",55.77,1.131692226,420,TRUE
ST-11,Willow Creek,SOUTH,2026-03-13,50,3853.48,83.96,1.406944269,838,yes
ST-06,Cedar Crossing,North,04/11/2026,57,"$6,305.24",121.1,34.85412333,572,0
ST-11,Willow Creek,SOUTH,23-Apr-26,56,,61.52,28.74052907,451,0
ST-12,Bayfront Commons,South,2026-04-12,54,14220.6,271.69,7.579337434,752,1
ST-07,Sunset Boulevard,South,17/04/2026,17,7210.82,436.33,32.13928185,742,N
ST-09,Coral Bay Outlet,SOUTH,03/31/2026,43,3984.7,96.21,28.26836656,679,yes
ST-08,Palm Terrace,South,28/03/2026,50,2243.31,46.46,0.9464541414,889,0
ST-03,Maple Junction,NORTH,"April 24, 2026",37,"$7,390.84",216.89,10.19089696,645,TRUE
ST-09,Coral Bay Outlet,south,2026-03-13,56,,110.35,20.97636767,831,N
ST-14,Golden Valley,west,"March 22, 2026",67,3774.67,57.78,0.4150378345,491,N
ST-15,Pinecrest Mall,west,2026-05-06,50,3472.99,69.6,2.744392709,562,Y
ST-11,Willow Creek,South,04/04/2026,76,11006.32,146.82,9.192833317,527,N
ST-12,Bayfront Commons,South,15-May-26,44,,179.64,35.72057983,665,Y
ST-02,HARBOR POINT,north,20260319,50,8461.79,172.97,24.94185479,505,Y
ST-16,Redwood Station,WEST,03/03/2026,67,"INR 7,308",103.09,250,877,N
ST-07,Sunset Boulevard,south,"March 29, 2026",11,6963.71,675.34,19.8537636,622,0
ST-10,Magnolia Square,South,2026-05-20,59,2010.67,31.44,16.62224017,482,yes
ST-11,willow creek,South,"April 17, 2026",72,6786.01,92.68,21.56918703,481,N
ST-12,Bayfront Commons,South,04/28/2026,-63,12926.16,13822.79,30.54181063,408,N
ST-13,Highland Court,West,2026-03-15,51,8666.8,179.9,29.4304436,609,Y
ST-10,Magnolia Square,South,20260514,60,"$7,632.83",137.91,9.014270705,629,Y
ST-16,redwood station,West,17-Mar-26,65,7961.77,126.97,27.02758034,636,no
ST-10,Magnolia Square,south,20260410,69,9273.26,128.3,19.04437728,640,TRUE
ST-09,Coral Bay Outlet,South,15/03/2026,76,"INR 17,732",218.1,5.897534184,39530,N
ST-08,Palm Terrace,South,2026-05-27,36,3855.46,105.45,18.28365486,319,no
ST-06,Cedar Crossing,north,05/03/2026,60,3272.26,59.73,22.03151025,785,Y
ST-03,maple junction,North,05/24/2026,45,5038.9,113.81,8.040645947,363,N
ST-01,RIVERSIDE PLAZA,North,15-May-26,52,4008.14,71.15,24.78277025,793,1
ST-05,eastgate center,North,05/24/2026,75,"INR 2,797",34.65,3.168782043,680,N
ST-05,Eastgate Center,North,"April 5, 2026",65,8832.93,125.51,37.77238958,603,0
ST-02,HARBOR POINT,north,20260526,54,"$2,878.35",51.87,27.89129184,609,0
ST-12,Bayfront Commons,south,22-Apr-26,68,8524.78,122.69,20.81316995,389,FALSE
ST-16,Redwood Station,WEST,"May 6, 2026",61,,125.94,19.52704693,507,Y
ST-16,REDWOOD STATION,WEST,20260509,67,3057.65,43.86,2.426477373,603,Y
ST-13,Highland Court,West,8-Apr-26,50,8932.82,182.26,25.10218731,616,0
ST-07,Sunset Boulevard,South,2026-04-25,67,"$4,668.24",74.72,7.011415181,637,N
ST-01,Riverside Plaza,North,05/01/2026,63,6369.6,109.04,29.98474476,730,TRUE
ST-10,Magnolia Square,South,"May 2, 2026",52,4114.17,75.54,20.03403185,502,Y
ST-14,GOLDEN VALLEY,West,2026-04-09,39,"INR 5,788",163.04,13.83455351,335,0
ST-17,Summit Corner,West,05/24/2026,37,4656.32,116.07,19.79618329,645,N
ST-04,Silverline Mall,North,9-Mar-26,57,"$2,849.86",54.38,25.54364785,717,N
ST-01,Riverside Plaza,North,04/06/2026,46,3489.3,79.82,36.13311488,439,N
ST-08,Palm Terrace,South,04/02/2026,58,2009.01,37.38,24.36743815,380,no
ST-17,SUMMIT CORNER,West,28-Mar-26,65,12487.94,178.35,37.93762248,640,no
ST-16,Redwood Station,West,20260329,37,"INR 2,532",67.46,18.42472096,442,1
ST-11,willow creek,South,17/05/2026,52,7242.82,139.69,32.94491553,614,N
ST-09,Coral Bay Outlet,south,20260319,69,6699.05,88.39,-15,477,yes
ST-03,Maple Junction,NORTH,03/12/2026,44,8085.69,184.03,37.48060004,635,Y
ST-11,Willow Creek,south,20/03/2026,98,4502.07,42.36,1.080479827,739,0
ST-06,Cedar Crossing,NORTH,"March 7, 2026",70,2779.56,42.91,1.12210225,233,N
ST-08,PALM TERRACE,south,04/15/2026,30,"$3,248.45",100.97,20.33613826,726,yes
ST-09,Coral Bay Outlet,south,10/04/2026,60,8449.95,140.18,11.02116144,627,0
ST-17,Summit Corner,WEST,20260329,54,6420.37,112.81,15.1549759,594,yes
ST-09,Coral Bay Outlet,South,09/03/2026,59,5119.17,88.99,6.103024582,982,N
ST-05,eastgate center,North,04/22/2026,67,2038.89,27.87,8.867299609,686,N
ST-13,highland court,West,19/03/2026,53,5207.78,102.07,26.049253,731,Y
ST-10,Magnolia Square,South,16/03/2026,31,"$7,030.40",227.76,4.931020735,682,N
ST-07,Sunset Boulevard,South,2026-05-16,60,10377.16,178.59,28.29530655,704,Y
ST-02,HARBOR POINT,North,25/03/2026,54,3899.15,65.92,2.197399568,659,0
ST-05,Eastgate Center,North,27/04/2026,57,5007.58,84.5,38.99037334,541,0
ST-18,ASHBROOK PLAZA,WEST,03/19/2026,81,1248.74,16.14,30.55123259,604,N
ST-11,Willow Creek,South,20260509,61,6670.09,102.22,1.297389594,665,N
ST-07,Sunset Boulevard,South,"May 4, 2026",68,"INR 9,294",126.54,37.0276575,413,yes
ST-18,Ashbrook Plaza,WEST,"March 25, 2026",47,3025.33,70.48,26.72444308,622,no
ST-01,Riverside Plaza,North,05/29/2026,76,6757.01,91.35,2.033338478,511,Y
ST-10,Magnolia Square,South,"April 8, 2026",46,"INR 4,207",82.46,3.373464933,681,TRUE
ST-14,Golden Valley,West,06/05/2026,52,3747.54,78.24,6.47334325,545,no
ST-18,Ashbrook Plaza,West,24/03/2026,62,3646.08,53.95,39.90949415,654,yes
ST-09,CORAL BAY OUTLET,south,3-Apr-26,57,4494.56,74.79,35.43581038,592,no
ST-06,Cedar Crossing,North,"April 18, 2026",43,9093.86,210.96,6.278617246,812,N
ST-01,Riverside Plaza,North,"March 12, 2026",79,"$4,801.61",63.78,10.49842064,858,N
ST-05,Eastgate Center,North,04/06/2026,43,7962.28,202.2,32.82943146,883,N
ST-04,Silverline Mall,North,2026-03-15,88,3800.86,43.56,10.69330858,535,N
ST-12,Bayfront Commons,South,2026-05-16,69,8810.9,134.71,38.6311355,569,1
ST-08,Palm Terrace,South,20260430,58,3097.96,52,3.533632796,533,no
ST-15,Pinecrest Mall,West,2026-05-09,74,4114.9,55.33,35.43239833,638,N
ST-17,SUMMIT CORNER,West,"May 21, 2026",56,"INR 5,967",116.46,38.65709346,638,N
ST-08,Palm Terrace,SOUTH,"April 29, 2026",55,"INR 3,152",55.45,9.538527955,567,N
ST-10,Magnolia Square,South,11/04/2026,68,6910.64,103.6,38.97896268,705,0
ST-02,Harbor Point,North,09/05/2026,65,8053.06,131.3,26.58318838,706,yes
ST-10,Magnolia Square,South,25/05/2026,74,3510.73,42.73,21.69489153,756,0
ST-15,Pinecrest Mall,West,2026-03-24,53,"$3,067.78",58.34,38.62515189,535,FALSE
ST-03,MAPLE JUNCTION,North,17/05/2026,75,5834.91,82.57,34.49913468,285,N
ST-04,silverline mall,North,05/05/2026,59,"$2,848.34",52.42,14.55387124,752,0
ST-17,SUMMIT CORNER,West,20260525,43,8789.57,201.6,5.881098072,530,TRUE
ST-12,Bayfront Commons,South,2026-04-19,55,14314.11,285.99,8.102648116,800,N
ST-06,Cedar Crossing,North,5-May-26,74,5391.42,77.11,5.823905531,241,N
ST-12,Bayfront Commons,South,26/03/2026,69,"INR 7,538",103.68,30.55750913,620,Y
ST-09,Coral Bay Outlet,South,2026-04-18,46,"$5,989.26",127.76,13.59444383,545,TRUE
ST-16,REDWOOD STATION,West,20260514,65,"$7,245.18",122.16,38.57002678,612,FALSE
ST-09,Coral Bay Outlet,South,"April 11, 2026",79,3745.12,43.59,250,670,1
ST-14,Golden Valley,West,03/20/2026,48,3554.13,72.22,32.03796376,587,0
ST-18,Ashbrook Plaza,West,20260522,69,"$3,502.02",52.13,36.82504013,463,0
ST-06,Cedar Crossing,North,11/05/2026,63,"$7,011.49",107.82,8.318882792,675,N
ST-01,Riverside Plaza,North,03/23/2026,72,7996.25,116.89,10.82139764,657,TRUE
ST-04,Silverline Mall,North,05/26/2026,54,"$2,974.88",56.58,24.94115017,980,1
ST-16,Redwood Station,West,25/03/2026,54,5132.51,98.1,36.83924537,714,N
ST-04,Silverline Mall,North,10/05/2026,45,2363.08,55.5,15.0223857,507,N
ST-05,EASTGATE CENTER,North,05/11/2026,67,2856.11,42.2,22.82890772,418,N
ST-06,cedar crossing,North,20260324,58,,134.21,24.51493956,1083,N
ST-03,Maple Junction,North,"April 7, 2026",60,4278.26,67.69,7.958268464,368,no
ST-11,Willow Creek,SOUTH,20260312,47,4665.13,99.27,22.470538,608,N
ST-15,pinecrest mall,WEST,20260415,66,4837.67,73.06,14.24800245,739,no
ST-12,Bayfront Commons,South,03/22/2026,69,8532.27,127.23,22.36586964,444,0
ST-18,Ashbrook Plaza,West,20260422,62,"$3,162.77",49.7,39.11332043,673,1
ST-02,Harbor Point,North,04/03/2026,28,12008.83,423.64,12.11858515,492,N
ST-12,Bayfront Commons,South,"March 19, 2026",63,6541.68,110.42,29.02529161,492,0
ST-12,Bayfront Commons,South,20260520,60,9093.5,148.32,23.32527255,723,0
ST-13,Highland Court,West,13/03/2026,58,6504.88,107.74,39.60627975,408,FALSE
ST-08,palm terrace,south,20260506,54,2437.74,46.98,17.244502,364,no
ST-17,Summit Corner,West,"March 17, 2026",72,5720.1,73.22,8.612545034,281,0
ST-12,Bayfront Commons,South,7-Mar-26,75,10542.64,151.3,15.99276733,414,no
ST-02,Harbor Point,North,"May 3, 2026",58,7358.86,138.8,6.917092311,931,0
ST-13,Highland Court,West,20-Mar-26,49,5395.8,111.1,8.214287308,518,N
ST-16,Redwood Station,West,25/04/2026,60,2786.15,51.05,4.471361275,516,0
ST-11,WILLOW CREEK,SOUTH,20260312,47,4665.13,99.27,22.470538,608,N
ST-09,Coral Bay Outlet,South,20260509,62,5561.65,87.58,1.404216969,368,yes
ST-07,Sunset Boulevard,South,10/04/2026,32,3748.86,127.68,26.44842316,449,0
ST-08,Palm Terrace,South,13-May-26,46,2543.37,55.01,250,351,N
ST-16,Redwood Station,WEST,"March 11, 2026",85,7603.81,81.58,na,553,no
ST-06,Cedar Crossing,North,"April 7, 2026",59,"INR 4,478",69.86,13.56560028,521,no
ST-07,SUNSET BOULEVARD,South,20260320,75,10575.6,154.88,19.05609142,758,0
ST-13,HIGHLAND COURT,West,20260501,62,7395.73,127.13,27.28825182,621,N
ST-13,Highland Court,West,9-Apr-26,86,,64.11,39.83078493,658,Y
ST-09,Coral Bay Outlet,south,"May 21, 2026",54,"$5,910.82",103.51,20.56143592,41562,0
ST-06,Cedar Crossing,North,02/05/2026,58,4190.73,74.87,11.17462372,387,N
ST-08,palm terrace,South,"March 4, 2026",57,5175.31,95.79,na,679,1
ST-14,Golden Valley,WEST,29-Mar-26,81,3244.46,38.37,5.722884696,470,yes
ST-17,SUMMIT CORNER,West,2026-03-13,52,5741.27,107.24,na,450,N
ST-13,Highland Court,West,2026-05-10,68,7920.33,121.44,7.298099912,685,N
ST-09,Coral Bay Outlet,south,10/05/2026,47,5333.43,121.1,21.74708495,660,1
ST-02,Harbor Point,North,20260327,81,"INR 5,372",67.78,31.06593744,482,0
ST-09,Coral Bay Outlet,South,"March 21, 2026",45,5628.1,126.26,30.83156956,505,N
ST-13,Highland Court,West,2026-03-02,81,3348.08,40.81,39.62022727,652,0
ST-10,Magnolia Square,South,20260321,57,5219.3,95.29,22.43843662,705,no
ST-02,harbor point,NORTH,"March 30, 2026",53,9161.84,168.65,34.06888731,614,0
ST-08,PALM TERRACE,SOUTH,27-Mar-26,67,3464.57,47.16,11.66537426,637,FALSE
ST-18,Ashbrook Plaza,West,"March 16, 2026",51,"$2,404.73",48.06,26.42200332,581,yes
ST-08,Palm Terrace,South,03/06/2026,55,"$5,000.68",95.93,20.74047175,479,yes
ST-05,Eastgate Center,North,10-Mar-26,60,"$2,823.19",42.97,-15,705,N
ST-03,maple junction,north,28-May-26,46,6853.87,144.06,5.959112967,726,N
ST-08,Palm Terrace,South,26/03/2026,41,"INR 7,333",170.31,39.82505846,744,yes
ST-11,Willow Creek,South,04/05/2026,65,7526.22,122.17,4.265766502,443,N
ST-10,Magnolia Square,South,"March 13, 2026",31,3059.8,96.37,13.33519895,293,N
ST-10,Magnolia Square,South,20260426,37,5073.14,124.73,25.65353898,672,0
ST-01,riverside plaza,North,16/04/2026,57,6117.96,98.97,24.80597147,321,Y
ST-18,Ashbrook Plaza,WEST,05/23/2026,61,2006.02,30.86,10.83807771,675,yes
ST-12,BAYFRONT COMMONS,South,03/02/2026,64,"INR 4,702",76.65,31.7320814,611,no
ST-10,Magnolia Square,South,6-May-26,60,"$5,294.65",80.36,16.92638739,651,no
ST-09,Coral Bay Outlet,South,23/04/2026,81,13959.26,172.87,1.978796563,661,N
ST-11,WILLOW CREEK,SOUTH,14/03/2026,24,4353.11,167.17,26.71362909,421,Y
ST-01,Riverside Plaza,North,03/05/2026,71,4613.02,69.56,9.357579435,703,0
ST-12,bayfront commons,South,14/03/2026,75,14645.79,183.88,25.0660093,787,1
ST-16,Redwood Station,West,27/04/2026,80,4687.11,57.13,11.98250258,809,no
ST-03,MAPLE JUNCTION,North,05/23/2026,73,4810.41,60.87,20.48167734,876,N
ST-15,Pinecrest Mall,west,18-Mar-26,47,2880.33,61.8,37.26213499,339,Y
ST-17,summit corner,WEST,20260416,50,"$4,238.95",83.24,18.49137496,404,0
ST-05,Eastgate Center,North,2026-05-23,66,"$4,947.21",77.29,19.16257458,507,Y
ST-12,Bayfront Commons,south,"March 13, 2026",66,11928.39,178.24,14.48467116,418,yes
ST-12,Bayfront Commons,south,2026-05-27,92,6678,70.85,19.17376242,603,N
ST-10,MAGNOLIA SQUARE,South,28-Mar-26,62,2141.5,34.6,2.158929267,691,N
ST-17,Summit Corner,West,15/03/2026,64,"$4,129.43",67.78,39.27081892,717,N
ST-04,SILVERLINE MALL,north,20260404,38,6335.75,157.58,16.86754219,542,1
ST-18,Ashbrook Plaza,West,2026-04-20,78,3583.76,41.57,21.92310151,768,0
ST-04,Silverline Mall,NORTH,04/13/2026,59,"INR 3,258",55.7,10.29218618,504,Y
ST-02,Harbor Point,North,04/29/2026,55,4442.23,78.72,37.76574588,754,no
ST-13,Highland Court,West,"May 8, 2026",62,7501.43,119.67,32.47759515,709,1
ST-14,Golden Valley,West,04/13/2026,80,"INR 2,700",30.74,na,635,no
ST-07,Sunset Boulevard,South,"April 4, 2026",57,4164.09,77.67,10.49268709,514,TRUE
ST-01,Riverside Plaza,NORTH,2026-04-20,60,3755.67,65.42,22.67751181,632,Y
ST-17,Summit Corner,West,2026-03-31,76,4533.73,57.63,2.55092526,603,0
ST-09,Coral Bay Outlet,South,2026-03-07,69,6521.05,93.35,36.91539031,579,1
ST-10,Magnolia Square,South,20260324,85,3778.91,47.03,32.28798595,412,0
ST-13,Highland Court,West,20260405,61,"INR 2,441",41.72,38.66802572,777,TRUE
ST-13,Highland Court,west,20260526,65,"INR 5,321",77.44,1.682495891,780,0
ST-06,Cedar Crossing,North,2026-03-21,79,4574.84,52.47,5.317724131,646,N
ST-11,willow creek,South,11-May-26,61,"$6,036.47",104.76,35.34523412,520,no
ST-08,Palm Terrace,South,20260324,83,"INR 4,948",62.9,25.41202978,686,yes
ST-05,Eastgate Center,NORTH,09/04/2026,54,6607.34,111.6,35.23386123,989,yes
ST-06,cedar crossing,North,01/05/2026,66,4361.86,70.04,28.35064593,571,0
ST-04,silverline mall,NORTH,"April 20, 2026",63,"INR 3,490",54.24,1.601250512,740,0
ST-01,Riverside Plaza,north,20-Mar-26,55,3931.92,77.44,19.23641713,665,no
ST-08,Palm Terrace,South,"April 24, 2026",49,3106.07,58.91,18.50105806,773,N
ST-01,Riverside Plaza,NORTH,20260405,44,"$4,004.65",93.4,7.100263297,502,N
ST-11,Willow Creek,South,2026-03-03,50,"$4,041.88",86.68,33.01183021,862,TRUE
ST-10,Magnolia Square,South,18-Mar-26,50,4247.43,85.13,14.8458655,441,0
ST-11,WILLOW CREEK,SOUTH,2026-03-13,50,3853.48,83.96,1.406944269,838,yes
ST-05,Eastgate Center,North,"April 17, 2026",65,"$5,258.94",83.79,12.68994392,732,N
ST-11,Willow Creek,South,"March 21, 2026",86,"INR 4,287",52.99,8.493007378,531,N
ST-06,Cedar Crossing,North,27/05/2026,52,6262.9,126.4,-15,489,N
ST-09,Coral Bay Outlet,South,"April 8, 2026",87,9286.99,109.66,13.17135992,655,0
ST-12,Bayfront Commons,South,2026-05-12,56,6141.98,102.64,36.01400092,551,FALSE
ST-14,Golden Valley,west,20260330,77,"$3,224.89",46,24.75178243,547,N
ST-03,Maple Junction,North,20260505,63,"$4,468.62",73.02,16.78634371,546,0
ST-13,Highland Court,West,2026-04-17,56,5439.69,99,35.66527126,682,TRUE
ST-09,CORAL BAY OUTLET,South,05/04/2026,63,"INR 6,985",115.08,17.9637855,471,0
ST-06,Cedar Crossing,North,"April 9, 2026",34,2694.35,82.58,7.814999892,490,0
ST-02,Harbor Point,North,2026-05-04,63,,106.98,20.66298019,856,0
ST-11,Willow Creek,SOUTH,20260501,69,8036,107.72,30.11795937,848,no
ST-10,Magnolia Square,South,"April 13, 2026",47,2761.25,62.01,33.50437906,823,N
ST-07,Sunset Boulevard,SOUTH,20260525,39,"$9,551.33",231.93,0.7821099814,665,0
ST-08,Palm Terrace,south,20260425,68,"$5,100.36",70.07,17.36345881,497,no
ST-07,Sunset Boulevard,SOUTH,30/03/2026,48,4977.25,104.58,21.06383055,600,no
ST-18,ashbrook plaza,West,2026-03-17,61,2635.98,45.62,26.45626468,428,yes
ST-01,Riverside Plaza,North,03/18/2026,102,10921.56,104.37,20.95011795,672,Y
ST-02,Harbor Point,north,04/07/2026,64,"INR 4,639",65.45,37.1067361,303,N
ST-18,Ashbrook Plaza,west,2026-05-09,53,2814.28,52.21,12.23661524,674,0
ST-11,willow creek,South,2026-03-28,81,"$3,522.29",41.47,11.70572488,541,no
ST-11,Willow Creek,South,05/20/2026,50,"INR 7,190",157.96,3.034308311,628,TRUE
ST-18,Ashbrook Plaza,west,20260505,50,2216.2,47.94,18.79665906,203,Y
ST-03,Maple Junction,North,20260311,52,7814.63,139.54,28.59697212,482,Y
ST-13,Highland Court,WEST,29/04/2026,74,3809.09,56.48,31.76868547,752,Y
ST-12,Bayfront Commons,South,2026-03-03,77,13418.45,184.1,8.571998045,811,N
ST-18,Ashbrook Plaza,West,04/27/2026,48,2597.42,50.76,8.123435162,757,no
ST-16,Redwood Station,West,20260302,40,8317.84,205.08,11.26695652,695,Y
ST-07,Sunset Boulevard,SOUTH,2026-05-06,40,7693.74,210.49,35.34615517,726,TRUE
ST-03,Maple Junction,NORTH,2026-03-01,73,6461.2,83.38,39.16972958,189,yes
ST-04,Silverline Mall,north,"April 1, 2026",53,4511.55,87.9,30.67446081,547,0
ST-06,cedar crossing,NORTH,2026-04-16,58,"$5,509.97",95.38,26.73687665,165,N
ST-16,Redwood Station,west,05/17/2026,25,"$10,405.86",433.26,23.17975649,945,N
ST-16,redwood station,West,"March 7, 2026",62,7683.4,123.67,9.403426544,613,N
ST-15,Pinecrest Mall,West,2026-05-16,42,"$4,205.16",109.28,22.68449948,799,N
ST-06,Cedar Crossing,North,05/07/2026,60,2808.2,46.67,25.49610842,667,Y
ST-12,Bayfront Commons,SOUTH,19/05/2026,58,10387.38,177.74,13.66692238,540,N
ST-06,CEDAR CROSSING,North,20260327,49,3362.59,68.75,14.48694703,290,TRUE
ST-02,Harbor Point,North,2026-05-07,34,4334.08,121.64,19.77039107,653,no
ST-14,Golden Valley,WEST,2026-05-13,53,3534.89,62.36,4.210058043,405,0
ST-14,Golden Valley,West,"March 26, 2026",44,7008.84,153.68,10.75033338,409,N
ST-01,Riverside Plaza,NORTH,"March 17, 2026",66,5267.28,72.71,6.985658837,623,N
ST-12,Bayfront Commons,South,2026-05-22,50,5659.8,119.12,23.18002599,469,FALSE
ST-18,ASHBROOK PLAZA,WEST,12-May-26,58,2342.76,40.21,18.60261747,541,0
ST-07,sunset boulevard,South,2026-03-07,66,5413.46,79.7,23.84694603,669,0
ST-08,Palm Terrace,South,20260329,23,"$3,781.98",171.58,14.75157638,705,no
ST-15,pinecrest mall,West,2026-05-04,69,"INR 2,013",31.93,31.68982581,589,1
ST-12,Bayfront Commons,SOUTH,30-Mar-26,-62,"$4,789.85",5094.41,29.47782665,560,N
ST-16,Redwood Station,west,"March 8, 2026",88,8307.42,99.2,30.15501325,546,N
ST-11,Willow Creek,SOUTH,20260429,45,7802.41,184.57,27.40657372,782,Y
ST-17,Summit Corner,West,"May 27, 2026",33,6784.34,205.33,32.92402119,829,N
ST-04,Silverline Mall,North,20260314,67,1985.74,28.43,3.457896531,654,N
ST-09,Coral Bay Outlet,SOUTH,05/17/2026,77,4306.56,55.45,22.05766209,355,N
ST-15,Pinecrest Mall,West,2026-05-05,74,6967.7,92.65,19.45303523,731,0
ST-03,Maple Junction,NORTH,"April 15, 2026",60,"$6,559.82",102.53,34.25984004,600,no
ST-01,riverside plaza,north,27-Mar-26,71,6298.53,80.55,8.071284429,613,no
ST-17,Summit Corner,West,03/01/2026,52,5286.52,109.22,39.546091,449,FALSE
ST-05,Eastgate Center,North,05/17/2026,54,4558.82,90.91,33.06668886,504,N
ST-18,Ashbrook Plaza,WEST,21/04/2026,44,"$3,146.54",67.11,5.29707157,517,yes
ST-03,Maple Junction,North,20260419,47,7039.39,153.66,37.42734558,808,Y
ST-01,Riverside Plaza,NORTH,20260407,41,12183.51,274.8,1.637878411,636,FALSE
ST-09,Coral Bay Outlet,south,03/30/2026,45,"$3,945.42",80.6,0.7278374284,580,N
ST-12,Bayfront Commons,South,25-Apr-26,68,8099.15,120.27,21.3818226,835,1
ST-06,Cedar Crossing,North,20/03/2026,63,"$7,077.50",110.37,25.39360876,587,N
ST-16,Redwood Station,West,20260525,77,"INR 4,721",62.93,17.62049911,669,N
ST-18,Ashbrook Plaza,West,08/05/2026,52,3043.52,60.68,11.88133937,562,yes
ST-08,PALM TERRACE,South,27-Apr-26,55,"$4,515.71",76.73,24.57324699,615,N
ST-17,Summit Corner,West,11/05/2026,40,"$8,776.12",198.18,23.91385884,650,FALSE
ST-08,Palm Terrace,South,10-Mar-26,50,5654.57,122.91,37.96361965,606,N
ST-17,Summit Corner,West,02/03/2026,44,6072.82,145.74,36.10243862,567,0
ST-14,golden valley,West,2026-04-18,45,9575.94,224.48,15.45385741,559,yes
ST-13,Highland Court,WEST,"May 18, 2026",37,7355.61,201.97,1.935430087,831,yes
ST-16,Redwood Station,West,2026-03-01,77,9884.36,119.81,1.597482425,540,1
ST-15,Pinecrest Mall,West,04/10/2026,47,6484.73,137.69,2.937141132,552,Y
ST-17,Summit Corner,West,9-Apr-26,64,5678.25,82.48,39.17156522,471,N
ST-09,Coral Bay Outlet,South,20/05/2026,72,7874.74,105.24,0.1487770027,655,TRUE
ST-02,Harbor Point,North,10/05/2026,75,9413.03,119.13,19.66441337,400,N
ST-11,Willow Creek,South,26-Apr-26,29,4515.15,168.12,39.64121899,657,N
ST-14,Golden Valley,west,"March 17, 2026",81,"INR 3,258",41.35,37.13961779,633,0
ST-10,Magnolia Square,South,12/03/2026,72,"$4,152.91",54.92,34.19639341,550,N
ST-16,Redwood Station,West,24-Mar-26,84,"$7,482.53",93.25,8.64742064,809,TRUE
ST-10,Magnolia Square,SOUTH,2026-05-07,67,"$3,788.35",53.93,39.38571454,809,N
ST-11,Willow Creek,SOUTH,14/03/2026,24,4353.11,167.17,26.71362909,421,Y
ST-02,Harbor Point,North,2026-05-02,69,4278.8,67,33.16350333,714,Y
ST-17,summit corner,West,20260420,78,5190.38,61.36,22.69142506,589,1
ST-06,Cedar Crossing,North,29-Apr-26,42,5344.68,116.54,38.08770146,488,0
ST-13,Highland Court,West,2026-04-25,68,2759.31,43.53,35.91919609,822,0
ST-14,Golden Valley,West,05/20/2026,75,6468.15,88.33,24.25877278,336,Y
ST-16,Redwood Station,West,2026-03-09,31,"$4,108.84",120.56,34.95841199,634,yes
ST-02,HARBOR POINT,North,14-Mar-26,36,5949.76,168.79,26.33923074,446,0
ST-07,Sunset Boulevard,SOUTH,16-Apr-26,76,"INR 3,412",42.56,10.02805717,595,FALSE
ST-16,Redwood Station,West,28/05/2026,55,12644.5,246.77,33.52596847,269,N
ST-13,HIGHLAND COURT,West,05/03/2026,31,2799.4,83.48,28.22540456,599,no
ST-01,Riverside Plaza,NORTH,20260423,72,8442.51,110.15,15.08823932,663,N
ST-02,Harbor Point,north,20260501,68,4464.54,64.6,4.777937437,576,N
ST-05,Eastgate Center,north,"April 13, 2026",63,5859.4,86,28.87158965,382,N
ST-18,Ashbrook Plaza,West,"April 17, 2026",62,1669.85,28,9.889692961,813,N
ST-03,Maple Junction,NORTH,28/03/2026,59,6411.91,105.73,35.1587549,561,no
ST-18,Ashbrook Plaza,West,2026-03-07,91,"INR 2,840",34.17,22.80193177,541,no
ST-13,highland court,WEST,2026-04-12,55,3097.93,59,28.45442178,634,no
ST-16,Redwood Station,West,16-May-26,41,"$6,389.46",161.84,6.457684233,604,N
ST-01,Riverside Plaza,North,20260309,39,"$4,960.70",134.39,3.309199997,451,N
ST-12,bayfront commons,South,20260325,41,"INR 7,229",189.46,12.19492703,662,N
ST-17,SUMMIT CORNER,West,2026-03-19,70,3357.98,47.72,31.45669262,598,N
ST-12,Bayfront Commons,South,2026-05-10,54,"INR 9,713",178.98,21.78708511,384,1
ST-06,CEDAR CROSSING,NORTH,3-Mar-26,21,9517.33,462.56,21.80714571,609,no
ST-03,maple junction,North,05/13/2026,54,3027.54,58.88,7.602435464,478,N
ST-15,Pinecrest Mall,West,"May 7, 2026",74,2475.85,35.93,17.16649499,622,N
ST-10,magnolia square,South,"May 26, 2026",44,4284.89,89.72,31.2682748,837,N
ST-16,Redwood Station,West,2026-05-04,47,4463.61,88.1,8.162580643,426,Y
ST-10,Magnolia Square,South,"May 10, 2026",55,"$6,528.37",123.72,16.26958876,385,yes
ST-18,Ashbrook Plaza,WEST,2-Mar-26,75,2581.4,36,20.49233849,711,yes
ST-07,Sunset Boulevard,South,23/05/2026,-71,11472.51,12458.1,12.40480081,644,FALSE
ST-04,Silverline Mall,north,15/05/2026,62,4962.33,86.15,26.02053609,648,no
ST-16,Redwood Station,West,2026-04-12,57,"$3,762.59",64.13,27.91481368,600,N
ST-03,Maple Junction,North,20260522,67,10809.64,174,27.66216588,767,N
ST-15,Pinecrest Mall,West,"May 1, 2026",58,3949.6,64.64,7.838715931,627,0
ST-02,Harbor Point,north,04/30/2026,34,5725.92,181.33,20.88565789,990,Y
ST-06,Cedar Crossing,North,2026-03-23,31,2852.28,84.09,23.99471379,634,N
ST-08,Palm Terrace,South,03/11/2026,39,"$9,719.36",253.11,19.86556092,893,0
ST-18,Ashbrook Plaza,West,20260521,66,2184.76,34.16,7.669706942,608,no
ST-18,Ashbrook Plaza,West,20260418,69,3136.42,48.38,19.75441402,810,no
ST-07,Sunset Boulevard,south,"March 11, 2026",68,6454.55,93.4,23.49228715,599,N
ST-11,Willow Creek,South,03/29/2026,77,,95.59,na,659,N
ST-06,cedar crossing,North,"April 8, 2026",68,3313.53,44.11,10.39838747,499,N
ST-17,Summit Corner,West,02/04/2026,58,8218.98,130.07,28.66674366,681,1
ST-14,Golden Valley,WEST,03/02/2026,6,3770.67,607.89,21.62899585,595,TRUE
ST-02,Harbor Point,North,26/04/2026,83,2367.7,29.28,30.29397731,522,0
ST-18,ashbrook plaza,West,04/04/2026,72,1933.75,28.87,35.15603618,575,N
ST-05,Eastgate Center,North,20260412,61,4418.16,74.75,35.50844348,467,TRUE
ST-11,Willow Creek,South,20260424,79,"$6,905.48",80.13,37.15373995,310,TRUE
ST-17,Summit Corner,West,20260523,45,10888.19,227.91,3.092390537,531,Y
ST-08,Palm Terrace,South,30-Mar-26,54,3260.76,65.44,26.38690826,418,FALSE
ST-16,Redwood Station,West,03/23/2026,84,12127.89,135.35,0.23812577,635,N
ST-06,Cedar Crossing,North,2026-03-14,51,3768.3,70.15,23.36558322,417,N
ST-15,Pinecrest Mall,West,29/05/2026,67,2719.69,40.08,21.1208182,609,yes
ST-03,Maple Junction,North,07/03/2026,29,10926.03,368.49,10.30748365,473,yes
ST-13,Highland Court,West,"May 7, 2026",63,"$3,596.45",54.65,33.64337952,447,N
ST-14,Golden Valley,WEST,04/24/2026,69,11694.76,161.73,34.68667107,556,N
ST-07,Sunset Boulevard,South,8-May-26,67,3777.64,52.44,25.35930377,695,N
ST-02,HARBOR POINT,North,23-Apr-26,67,9769.53,155.95,-15,526,yes
ST-09,Coral Bay Outlet,South,2026-04-01,44,5494.19,117.7,29.32222607,825,0
ST-11,willow creek,South,20260521,45,3899.69,78.74,20.02532978,581,N
ST-03,Maple Junction,North,"March 18, 2026",75,4538.32,58.38,4.210303751,753,N
ST-10,MAGNOLIA SQUARE,South,13/05/2026,65,3784.76,62.03,4.546323399,729,N
ST-04,Silverline Mall,North,10/03/2026,56,"$2,888.10",48.23,-15,654,Y
ST-04,Silverline Mall,North,24/03/2026,71,"$2,563.02",37.08,17.33679022,625,0
ST-17,Summit Corner,West,"April 10, 2026",71,"INR 7,839",116.19,250,533,N
ST-05,Eastgate Center,North,10/04/2026,33,3656.91,100.3,36.66559441,699,1
ST-02,Harbor Point,north,02/04/2026,62,5057,73.76,20.60533507,658,TRUE
ST-14,Golden Valley,WEST,20260407,60,2784.08,43.11,13.30535067,856,N
ST-03,Maple Junction,North,23/03/2026,48,"INR 12,145",243.82,13.84857821,539,0
ST-10,Magnolia Square,South,03/26/2026,49,"$6,555.21",130,17.01028826,538,N
ST-03,Maple Junction,North,2026-05-06,77,"$6,480.75",86.14,2.929839447,502,N
ST-18,Ashbrook Plaza,West,12/03/2026,61,,52.62,27.77261448,434,TRUE
ST-17,Summit Corner,west,05/26/2026,53,4944.89,93.7,38.08423804,772,TRUE
ST-13,Highland Court,WEST,05/13/2026,63,3287.1,55.16,27.56386001,749,N
ST-05,eastgate center,North,25-Mar-26,58,6467.3,104.91,11.84351675,495,no
ST-16,Redwood Station,West,"May 21, 2026",28,"$3,860.71",139.34,13.16297043,808,N
ST-10,Magnolia Square,South,14-Apr-26,28,2953.15,98.21,13.0751061,430,yes
ST-03,Maple Junction,North,2026-04-09,42,3154.96,71.76,1.20839793,617,N
ST-08,Palm Terrace,south,2026-03-12,71,3406.62,49.88,33.33497578,719,N
ST-01,Riverside Plaza,North,20260302,73,5375.6,79.43,31.13533988,661,0
ST-02,Harbor Point,North,23/03/2026,53,7595.49,153.63,37.31733834,701,N
ST-08,Palm Terrace,SOUTH,"May 8, 2026",39,3067.13,74.07,16.9104546,549,N
ST-18,Ashbrook Plaza,WEST,22-Mar-26,54,"INR 1,679",31.11,1.947912766,706,no
ST-11,Willow Creek,South,2026-04-21,42,4330.22,106.95,-15,680,yes
ST-16,Redwood Station,West,15/05/2026,46,3918.8,93.29,29.92733023,572,0
ST-16,Redwood Station,west,2026-04-30,66,"INR 3,531",54.75,36.14522716,612,yes
ST-16,Redwood Station,West,29/04/2026,38,3073.23,84.99,0.8084606824,504,N
ST-15,Pinecrest Mall,West,2026-04-01,33,1794.93,54.32,5.478532102,588,Y
ST-17,Summit Corner,WEST,2026-03-30,42,9825.36,212.21,4.631797712,830,N
ST-05,Eastgate Center,North,"May 21, 2026",73,3270.17,48.99,17.15031613,620,N
ST-13,HIGHLAND COURT,West,26-Apr-26,41,6279.45,166.22,34.21424625,680,N
ST-14,Golden Valley,WEST,05/26/2026,81,"$3,961.09",50.68,25.79737064,449,N
ST-16,redwood station,West,20260417,50,11294.93,217.89,2.927623991,282,N
ST-08,Palm Terrace,South,3-Apr-26,54,"$2,281.38",44.85,25.8995617,849,0
ST-17,Summit Corner,west,19/04/2026,72,2794.07,41.28,18.92118468,660,N
ST-14,Golden Valley,west,2026-05-27,77,4495.2,56.47,8.450361279,622,no
ST-17,Summit Corner,West,03/04/2026,54,6326.99,111.73,7.891777518,415,0
ST-04,Silverline Mall,North,"April 17, 2026",66,4029.13,55.55,13.11523683,485,no
ST-08,Palm Terrace,south,19-Mar-26,50,5106.98,101.44,33.58643718,674,0
ST-08,Palm Terrace,South,05/19/2026,52,,107.42,15.08288123,476,Y
ST-16,Redwood Station,West,2-Apr-26,59,6884.93,114.84,16.34554796,728,no
ST-15,Pinecrest Mall,West,23/03/2026,75,"INR 5,784",71.37,29.31309759,606,N
ST-11,Willow Creek,SOUTH,05/12/2026,78,"INR 7,172",89.48,7.972778203,665,N
ST-07,SUNSET BOULEVARD,SOUTH,05/27/2026,58,4878.24,85.53,8.3970204,529,N
ST-08,Palm Terrace,South,20260303,71,3496.9,45.01,39.739563,700,N
ST-15,Pinecrest Mall,West,16/04/2026,64,2557.36,43.72,30.68405368,633,N
ST-16,REDWOOD STATION,West,20-Apr-26,61,6445.81,110.44,10.74431443,258,no
ST-16,Redwood Station,WEST,04/28/2026,82,,40.19,34.82258953,548,no
ST-14,Golden Valley,West,20260518,71,5460.59,73.29,18.59394328,692,N
ST-18,Ashbrook Plaza,WEST,2026-04-25,55,"$4,373.38",78.92,29.6124467,504,FALSE
ST-14,Golden Valley,West,20260524,40,3412.11,91.74,20.28180129,768,N
ST-16,Redwood Station,WEST,22/03/2026,52,"INR 3,891",72.67,26.48517373,472,N
ST-16,Redwood Station,WEST,03/05/2026,62,4488.4,70.89,25.69050387,928,0
ST-18,Ashbrook Plaza,WEST,2026-04-01,62,3044.45,49.64,10.52169957,498,yes
ST-18,Ashbrook Plaza,WEST,15/03/2026,46,3105.87,61.14,24.95766316,479,yes
ST-09,Coral Bay Outlet,South,2026-05-15,49,6901.87,127.05,-15,517,N
ST-08,Palm Terrace,south,16-Mar-26,56,"$3,131.77",61.3,22.01239103,669,N
ST-12,Bayfront Commons,South,2026-03-23,72,5472.92,77.91,1.956027165,496,no
ST-07,Sunset Boulevard,South,2026-03-17,82,5805.83,74.95,23.88632348,772,0
ST-08,Palm Terrace,south,21-Apr-26,58,2679.13,48.74,na,766,N
ST-07,Sunset Boulevard,South,2026-04-07,41,5584.07,125.84,2.943332918,800,no
ST-13,HIGHLAND COURT,West,30-Mar-26,55,4927.04,92.92,31.72840614,511,N
ST-15,Pinecrest Mall,West,03/07/2026,61,2289.83,35.97,26.74627398,652,N
ST-14,Golden Valley,WEST,20260314,67,"$8,355.06",118.81,17.85760584,491,no
ST-06,Cedar Crossing,North,05/14/2026,66,"INR 4,335",63.62,19.11723536,486,N
ST-12,Bayfront Commons,SOUTH,20260509,92,12569.7,132.13,6.76033759,775,N
ST-07,Sunset Boulevard,South,20260301,49,"INR 5,909",130.55,21.37386561,497,N
ST-14,Golden Valley,West,20260325,60,2863.9,43.54,33.14132077,730,N
ST-09,Coral Bay Outlet,South,"March 29, 2026",61,7034.28,107.9,na,481,Y
ST-17,Summit Corner,west,20260503,-62,3205.48,3185.75,37.74697667,518,yes
ST-16,Redwood Station,West,"May 20, 2026",51,"$8,509.03",155.09,21.05957506,661,0
ST-06,Cedar Crossing,North,04/04/2026,57,7455.18,128.45,33.61062188,917,FALSE
ST-02,Harbor Point,North,2026-03-06,82,"INR 7,318",91.14,37.55221417,659,N
ST-12,Bayfront Commons,south,31-Mar-26,55,5509.49,107.21,3.385208963,380,TRUE
ST-07,Sunset Boulevard,South,03/24/2026,68,7176.28,112.57,27.93606383,448,yes
ST-15,Pinecrest Mall,West,2026-03-05,42,3572.6,89.31,9.101357328,587,N
ST-09,Coral Bay Outlet,South,23/03/2026,52,"INR 9,238",190.4,18.51671226,638,N
ST-10,Magnolia Square,South,04/23/2026,38,2463.62,59.95,17.16787449,448,N
ST-10,MAGNOLIA SQUARE,South,20260521,35,6928.65,204.96,11.32404144,582,Y
ST-12,Bayfront Commons,South,18-Apr-26,74,4335.11,53.54,na,422,0
ST-03,Maple Junction,North,27-Mar-26,37,"INR 6,533",161.95,35.13888622,548,FALSE
ST-05,Eastgate Center,North,"April 2, 2026",47,"$2,950.45",66.37,5.937722074,477,yes
ST-09,Coral Bay Outlet,South,05/14/2026,60,12747.03,230.67,6.559989043,554,Y
ST-10,Magnolia Square,South,2026-04-30,33,3176.45,101.91,36.4569313,813,N
ST-05,Eastgate Center,north,2026-04-07,82,"INR 2,097",23.5,15.76184786,630,yes
ST-09,CORAL BAY OUTLET,SOUTH,20260416,62,7871.34,120.82,20.86907137,565,Y
ST-17,Summit Corner,West,2026-04-23,50,4468.85,89.27,13.38489816,658,N
ST-14,Golden Valley,west,"May 11, 2026",67,4616.11,74.42,19.90768079,525,TRUE
ST-12,Bayfront Commons,South,"April 8, 2026",54,14992.75,305.11,9.957942951,640,Y
ST-08,Palm Terrace,south,13/03/2026,54,"$4,095.27",78.84,30.37316853,352,FALSE
ST-18,Ashbrook Plaza,WEST,2026-03-04,16,2686.1,160.46,21.55220534,521,Y
ST-07,Sunset Boulevard,South,20260512,87,16406.55,181.71,29.77932827,619,N
ST-11,willow creek,South,30-Apr-26,69,6459.09,88.95,na,634,N
ST-09,Coral Bay Outlet,South,6-Mar-26,62,"INR 4,622",75.02,28.89632788,480,Y
ST-08,Palm Terrace,South,2026-04-23,54,6943,128.01,20.30729563,712,N
ST-02,Harbor Point,north,2026-03-09,45,"INR 3,040",70.13,39.31948686,836,yes
ST-09,Coral Bay Outlet,SOUTH,24-May-26,53,"INR 10,251",202.06,29.53924843,793,0
ST-05,EASTGATE CENTER,North,04/16/2026,42,3430.31,83.49,na,662,yes
ST-06,Cedar Crossing,North,"April 22, 2026",56,3507.33,66.74,4.380989171,758,0
ST-12,BAYFRONT COMMONS,south,21/05/2026,28,10418.43,407.39,19.69383247,499,N
ST-12,Bayfront Commons,South,"May 6, 2026",53,"$11,520.36",206.11,5.850100666,552,yes
ST-11,Willow Creek,South,03/30/2026,47,6291.91,145.36,32.13014111,614,FALSE
ST-09,Coral Bay Outlet,South,29/04/2026,68,"$9,652.68",141.2,29.69437362,466,yes
ST-03,Maple Junction,North,21-Mar-26,65,3537.84,58.22,20.25893242,651,N
ST-02,Harbor Point,NORTH,"April 14, 2026",67,6934.7,106.72,3.760848087,581,N
ST-12,Bayfront Commons,SOUTH,2026-05-01,48,10113.44,203.45,0.6756341374,453,yes
ST-01,riverside plaza,North,10-Apr-26,43,7126.62,182.27,11.85448228,340,N
ST-12,Bayfront Commons,South,03/28/2026,55,5028.43,96.66,6.243802205,911,yes
ST-03,Maple Junction,North,04/20/2026,70,4890.38,63.31,28.91735995,486,0
ST-05,EASTGATE CENTER,North,20260319,53,5834.9,99.86,29.08593985,661,yes
ST-04,silverline mall,north,"March 19, 2026",97,"$6,680.53",66.38,29.98384984,622,N
ST-05,Eastgate Center,North,20260428,59,"INR 2,593",42.91,30.955821,585,0
ST-05,Eastgate Center,North,"April 1, 2026",98,"$3,226.69",35.22,0.4898266316,324,TRUE
ST-07,SUNSET BOULEVARD,south,"April 22, 2026",53,3941.11,80.45,19.84704369,709,yes
ST-13,Highland Court,West,22/05/2026,51,5154.94,108.2,23.73542006,622,1
ST-13,HIGHLAND COURT,West,03/07/2026,63,"INR 6,167",100.4,34.77453413,738,N
ST-17,summit corner,West,"April 25, 2026",69,3871.46,50.61,19.33094381,864,N
ST-08,Palm Terrace,South,"March 18, 2026",61,6988.7,111.78,37.64336502,551,1
ST-13,Highland Court,West,12-May-26,72,"$3,723.03",47.97,11.22787568,441,yes
ST-16,Redwood Station,west,18-Mar-26,69,4239.91,57.62,36.4402763,591,yes
ST-06,Cedar Crossing,north,10/05/2026,60,10411.24,169.79,21.48309423,712,N
ST-01,Riverside Plaza,North,"May 4, 2026",75,6185.17,80.82,35.00430453,701,N
ST-01,Riverside Plaza,North,20260315,97,3785.42,41.25,0.7134713591,277,1
ST-14,Golden Valley,West,03/11/2026,37,3173.81,77.85,39.96845808,332,N
ST-12,Bayfront Commons,South,14-May-26,84,"$8,081.12",90.88,13.61925807,512,N
ST-06,Cedar Crossing,North,20260412,55,10044.32,189.56,23.69114099,601,0
ST-05,Eastgate Center,North,20/03/2026,59,"$7,169.34",133.45,5.267070081,498,FALSE
ST-03,Maple Junction,North,03/08/2026,67,"$5,545.96",81.97,25.29784939,543,N
ST-09,Coral Bay Outlet,South,13-Apr-26,38,"INR 8,171",212.65,2.713099227,569,TRUE
ST-03,Maple Junction,north,20260406,42,11815.19,298.41,13.1228457,761,no
ST-09,Coral Bay Outlet,SOUTH,11-May-26,58,4092.47,68.38,20.58206808,698,N
ST-12,BAYFRONT COMMONS,South,26/05/2026,62,"INR 6,285",95.19,27.39790117,702,0
ST-10,Magnolia Square,SOUTH,8-May-26,53,2948.44,58.84,12.28436085,503,TRUE
ST-04,SILVERLINE MALL,North,20260507,32,4853.98,136.8,22.79359553,721,N
ST-08,Palm Terrace,south,29/05/2026,53,2824.76,57.42,25.72697454,445,1
ST-04,silverline mall,North,26-Mar-26,58,"$3,032.72",48.94,35.13531509,897,0
ST-12,BAYFRONT COMMONS,South,2026-03-27,42,"$7,056.02",166.81,38.43523954,670,N
ST-15,PINECREST MALL,West,16/03/2026,72,4450.12,60.97,33.23951213,699,N
ST-17,Summit Corner,west,15/04/2026,79,2657.95,36.97,31.74792402,620,no
ST-06,Cedar Crossing,North,"March 6, 2026",70,2952.88,45.68,11.72616832,589,Y
ST-11,WILLOW CREEK,South,11/03/2026,83,6159.44,67.76,36.95619695,774,N
ST-10,MAGNOLIA SQUARE,South,20260306,53,"$4,735.31",93.77,36.10121804,820,N
ST-03,Maple Junction,North,29/05/2026,51,8755.93,176.76,1.619958077,865,no
ST-12,BAYFRONT COMMONS,South,2026-03-06,78,"INR 3,808",45.51,32.56525289,532,Y
ST-03,MAPLE JUNCTION,North,22-Mar-26,64,"INR 4,323",67.58,26.87550343,573,Y
ST-02,Harbor Point,North,05/11/2026,59,3654.94,65.67,34.14602676,802,N
ST-09,Coral Bay Outlet,South,10-Mar-26,82,7904.84,98.34,24.35478471,524,Y
ST-05,Eastgate Center,North,04/11/2026,53,"$3,449.83",61.9,28.62516943,817,N
ST-08,Palm Terrace,South,2026-05-12,67,"$4,481.18",63.05,23.97813453,392,yes
ST-17,Summit Corner,West,2026-04-30,51,4359.12,92.91,22.17970425,701,no
ST-13,Highland Court,West,20260419,75,"INR 3,449",44.58,4.295312104,507,Y
ST-07,Sunset Boulevard,SOUTH,"March 26, 2026",76,6241.4,81.54,16.75504038,579,no
ST-16,Redwood Station,West,05/03/2026,68,3857.99,52.92,36.0960906,382,N
ST-12,Bayfront Commons,South,"April 1, 2026",88,"$15,876.48",167.51,6.593901534,536,0
ST-12,Bayfront Commons,South,2026-04-05,56,8565.94,138.76,na,669,N
ST-16,Redwood Station,West,01/05/2026,-41,5830.68,5536.21,4.9302447,658,Y
ST-13,Highland Court,West,2026-03-25,82,"$3,340.40",38.78,19.00210721,443,N
ST-03,MAPLE JUNCTION,North,2026-03-26,49,5548.16,116.82,5.359088769,438,0
ST-01,Riverside Plaza,North,04/04/2026,34,6193.05,191.73,2.324339269,657,N
ST-09,CORAL BAY OUTLET,South,"April 25, 2026",72,"INR 6,756",95.96,35.29692391,662,TRUE
ST-06,CEDAR CROSSING,North,28-Apr-26,66,5488.24,81.83,31.94444985,423,N
ST-17,Summit Corner,West,"March 12, 2026",47,3386.65,77.48,27.23738804,633,N
ST-17,Summit Corner,WEST,04/08/2026,55,6498.73,118.16,18.62632948,377,N
ST-18,Ashbrook Plaza,WEST,11/05/2026,73,1799.67,25.82,31.55968314,546,N
ST-16,Redwood Station,West,"April 10, 2026",55,12760.57,231.79,8.391255367,706,Y
ST-02,Harbor Point,North,02/03/2026,26,"$4,553.50",163.03,7.90667929,649,yes
ST-16,Redwood Station,West,03/14/2026,59,10516.45,179.08,32.56378487,340,N
ST-10,Magnolia Square,south,"May 27, 2026",88,5403.94,60.21,3.627817987,622,N
ST-07,Sunset Boulevard,South,25/03/2026,76,"INR 5,884",77.62,30.52131734,670,yes
ST-16,Redwood Station,West,20260320,83,,150.9,7.222983504,617,Y
ST-09,Coral Bay Outlet,South,26-Apr-26,55,9820.35,164.42,27.49984196,918,N
ST-03,MAPLE JUNCTION,North,2026-05-01,44,10291.14,219.11,19.81202466,633,N
ST-01,riverside plaza,NORTH,03/14/2026,60,6863.93,114.14,26.51456851,566,0
ST-04,silverline mall,north,2026-04-15,60,5314.99,86.92,16.20106906,846,N
ST-07,sunset boulevard,South,2026-04-30,72,3981.4,53.48,18.38620974,606,Y
ST-05,Eastgate Center,North,2026-03-28,45,"INR 4,581",92.09,4.578107887,569,N
ST-15,PINECREST MALL,west,04/07/2026,89,,37.93,13.38220821,359,N
ST-02,Harbor Point,NORTH,16/05/2026,67,6170.46,88.7,2.898198944,660,FALSE
ST-10,Magnolia Square,South,03/31/2026,78,5224.45,73.33,25.16404005,642,TRUE
ST-01,Riverside Plaza,north,21-Mar-26,42,5292.47,131.7,3.379728753,522,0
ST-08,PALM TERRACE,South,2026-03-17,56,4813.18,77.95,6.778510407,745,yes
ST-17,summit corner,west,8-May-26,103,,36.91,27.1615525,916,no
ST-13,Highland Court,West,2026-05-14,86,5689.76,66.14,21.27649693,427,N
ST-17,Summit Corner,WEST,"May 28, 2026",78,"INR 8,341",106.1,25.629479,812,yes
ST-10,MAGNOLIA SQUARE,South,22/03/2026,56,7208.26,118.8,22.24852268,648,0
ST-15,Pinecrest Mall,West,20260308,53,"$3,345.69",64.46,30.03214402,669,no
ST-07,Sunset Boulevard,SOUTH,20260323,67,10219.25,156.3,1.886982261,304,N
ST-18,Ashbrook Plaza,WEST,2026-05-02,87,2861.57,33.22,25.06658196,721,N
ST-08,Palm Terrace,South,20260426,46,3365.39,67.9,28.24577345,351,yes
ST-11,Willow Creek,South,20260427,73,"INR 9,502",134.91,31.01674477,391,N
ST-03,maple junction,North,2026-03-10,91,"INR 8,139",93.23,-15,341,N
ST-11,Willow Creek,south,20260515,75,"$3,779.56",45.9,39.56188668,753,N
ST-08,Palm Terrace,South,9-May-26,60,"$2,315.93",39.67,-15,394,1
ST-17,SUMMIT CORNER,west,20260429,83,"$6,082.88",79.84,31.04249499,523,no
ST-06,CEDAR CROSSING,north,2026-04-30,61,5362.3,93.21,16.66053475,692,N
ST-13,Highland Court,WEST,3-Mar-26,69,5191.95,68.49,32.37039854,521,no
ST-06,CEDAR CROSSING,North,2026-03-25,55,4607.09,77.46,25.9287734,637,Y
ST-18,Ashbrook Plaza,West,2026-04-24,59,4952.09,82.34,9.616507495,608,0
ST-10,Magnolia Square,South,04/16/2026,62,,86.63,0.5428035555,686,N
ST-09,Coral Bay Outlet,South,20260328,91,4156.12,44.73,37.39712899,643,0
ST-03,Maple Junction,north,"May 12, 2026",34,"INR 8,013",215.38,19.72979499,722,N
ST-01,riverside plaza,NORTH,20260322,49,"INR 4,404",89.27,20.90527102,290,TRUE
ST-15,Pinecrest Mall,West,17-May-26,62,"INR 3,804",56.92,3.700516888,508,1
ST-06,Cedar Crossing,North,20260310,61,,121.79,33.53246888,787,N
ST-14,Golden Valley,West,15-Mar-26,52,"$4,980.91",89.13,13.86282431,898,N
ST-04,silverline mall,North,2026-03-07,71,4063.45,58.88,35.34205625,664,N
ST-11,Willow Creek,South,25-Apr-26,66,"INR 3,659",54.04,35.26276012,820,N
ST-14,Golden Valley,West,15-Apr-26,63,8114.97,133.45,38.50216932,664,0
ST-05,eastgate center,north,03/26/2026,59,2923.2,47.75,5.333968207,574,0
ST-09,Coral Bay Outlet,South,25/05/2026,58,3519.49,59.51,12.05354081,567,Y
ST-16,REDWOOD STATION,west,27/05/2026,58,8568.22,162.24,1.114494069,689,yes
ST-17,SUMMIT CORNER,WEST,20260515,46,"$3,288.38",68.5,10.88032965,555,N
ST-04,Silverline Mall,NORTH,13/05/2026,50,"INR 3,986",80.26,34.22421842,667,no
ST-09,CORAL BAY OUTLET,South,20260419,39,9032.07,214.37,4.299567371,456,N
ST-15,PINECREST MALL,West,20260512,55,5182.43,97.49,9.224229021,713,0
ST-02,Harbor Point,north,2026-04-10,65,"$7,637.49",115.74,35.17646934,683,1
ST-10,Magnolia Square,South,01/05/2026,51,4965.35,91.52,na,569,Y
ST-13,Highland Court,WEST,04/13/2026,68,4768.61,65.11,7.559426176,478,no
ST-16,redwood station,West,20260416,63,"$4,400.13",67.74,37.07416637,777,no
ST-01,Riverside Plaza,North,2026-05-27,63,5524.61,89.76,34.56547317,934,N
ST-17,summit corner,west,"April 12, 2026",47,2820.15,57.68,3.984734592,575,yes
ST-04,Silverline Mall,NORTH,2026-04-30,67,3050.22,50.07,250,730,N
ST-14,Golden Valley,West,2026-05-08,79,2867.06,36.74,6.678698239,664,N
ST-06,Cedar Crossing,North,17-Mar-26,64,"$5,363.40",90.69,31.47114701,662,no
ST-02,HARBOR POINT,north,2026-04-01,48,"INR 5,588",114.42,20.87505739,398,0
ST-12,Bayfront Commons,SOUTH,24/04/2026,60,"$5,759.32",86.91,33.17376991,560,0
ST-13,Highland Court,West,2026-03-16,65,5285.24,79.07,22.21703661,926,N
ST-13,Highland Court,West,20-Apr-26,58,3628.92,60.07,17.07325805,772,no
ST-15,pinecrest mall,west,2026-04-04,68,3649.26,55.07,28.82103905,695,0
ST-10,Magnolia Square,South,20-Apr-26,73,7888.3,100.64,22.27459141,583,N
ST-17,Summit Corner,West,20/03/2026,60,,126.39,26.93552427,412,yes
ST-13,Highland Court,west,16-Apr-26,53,6016.19,117.43,14.70229219,692,N